小龙坎火锅冒菜（下沙龙湖天街店）,1
把鱼酸菜鱼（下沙宝龙店）,1
塔斯汀·中国汉堡（下沙宝龙店）,1
小娇烧烤,1
山崎家の日式蛋包饭（景芳店）,1
蜜哆哆韩式炸鸡（顾家畈路店）,1
粥皇港式茶餐厅（秋涛北路店）,1
杨国府麻辣烫（海华广场店）,1
黄焖鸡（闸弄口店）,1
奈久食寿司,1
开心花甲（文晖路店）,1
1973继光香香鸡（国大店）,1
铁锅人家,1
重庆火锅尊辣天香（下沙宝龙店）,1
牛表哥现切牛肉火锅（科技园店）,1
儿时酸老桂林米粉（金沙印象城店）,1
牛排家（武林路店）,1
地锅即递（余杭店）,1
龙坞烤全羊,1
胖哥黄牛肉馆,1
肥牛先生（桐庐店）,1
何小姐鲜切黄牛肉火锅（下沙海拓店）,1
韩匠烤肉（瓶窑店）,1
铜锅鱼馆,1
柴火人家（桐庐总店）,1
简·煦蛋糕定制（下沙店）,1
地锅即递（余杭店）,1
悠悠土菜鱼馆,1
古香铜锅鱼·农家私房菜,1
新大碗菜·地道淳安味,1
杭茶坊（乾龙路店）,1
欢渝记老火锅,1
汝拉·西湖龙井私房菜（龙井店）,1
渔家烤鱼土菜馆,1
菜根香酒楼（畔湖路）,1
和茶缘云栖餐厅,1
千岛湖生态鱼馆·农家菜（秀水广场店）,1
龙府•重庆鲜货火锅（桐庐店）,1
小矮灶地摊火锅（三立时代店）,1
灶灶面包店,1
茶浪烤全羊·茶餐厅（龙坞茶村店）,1
MOCHA猫咪咖啡（金沙天街店）,1
歪串串·老成都冷锅串串（临平北大街店）,1
福泰来冰城家宴（胜利河店）,1
蒙羊东北烤羊腿·烤鱼·小龙虾（老余杭店）,1
蓉城嬢嬢·四川芋儿鸡（中茵大厦店）,1
宴江南·观炉·海鲜火锅,1
肥林·牛肉汤牛杂煲,1
东北特色铁锅炖（富阳一店）,1
之之の料理·蛋包饭与寿喜烧意面,1
山水涧餐厅·淳味民间菜（千岛湖风景区店）,1
言周工作室蛋糕定制专家,1
水边人家·匠心农家菜,1
沉鱼餐厅·奥城凯豪大酒店,1
鱼宴馆·灶台鱼·淳醉旧时光（千岛湖店）,1
盛世蚝门·大鱼吃小鱼（九堡店）,1
2021工作榜,0
点菜单,0
台号：美团-73,0
单号：218,0
账单号：,0
人数：1,0
服务员：收银员,0
单位：元,0
整单备注：收餐人隐私号 18694587674＿3345，手机号,0
137＊＊＊＊2383 顾客需要餐具（用户没有选择用餐人数）,0
品名,0
数量,0
需要餐具,0
1份,0
招牌粉丝裹虾单人餐,0
1份,0
打包盒,0
1个／1份,0
外送信息,0
美团单号：,0
游泳-中午儿童票（周一-周五）,0
12:00-14:00,0
温馨提示：凭此票扫码进场，一个月内可开,0
金额：¥13.00（自助机）,0
时间：2023-01-31 13：05：04,0
店内销售 ＃130,0
名称,0
数量,0
金额,0
1．珍珠奶茶（中杯）,0
［属性］热，七分糖,0
2．芋圆葡萄（升级版）,0
［属性］正常糖，常温,0
商品合计,0
操作员：92812701,0
门店：蜜雪冰城三里亭店,1
时间：2023-02-02 19：59：21,0
地址：三里亭路59号-7,0
KVS-061,0
配料需求,0
甜酸酱 x1,0
产品需求（总数：4）,0
1 可口可乐（中杯）,0
1 麦辣鸡翅2块,0
1 麦乐鸡5块,0
1 经典麦辣鸡腿堡,0
外送费：9,0
总计：52.9,0
实付：52.9,0
餐厅名称：杭州【萧山南环路文源餐厅】,1
餐厅编号：3330057,0
订单时间：2023／02／02 12：51,0
产品制作时间：2023／02／02 12：51,0
来源：美团,0
联系信息涨（先生）137＊＊＊＊2383,0
送餐地址：泰和花园芙蓉苑（10栋0101）,0
M 新春盛宴节节高,0
团17,0
期望送达：立即配达,0
交易号：10003968515,0
结账时间：2023-01-31 14：13：44,0
备注：顾客需要餐,0
具,0
唱,0
数量,0
金额,0
口袋1,0
饱食自选套餐,0
【明细】香辣鸡腿堡,0
【*1】,0
【明细】香辣鸡翅,0
【＊一】,0
【明细】大薯条,0
【*1】,0
【明细】黑椒鸡块,0
【*1】,0
【明细】中可乐,0
【＊一】,0
餐盒费：2.5,0
配送费：6,0
已优惠：44,0
应收：34.3,0
支付方式：在线支付,0
顾客姓名：黄（先生）,0
顾客电话：手机号 183＊＊＊＊5705,0
顾客电话：18668046473＿6290,0
送餐时间：立即配送,0
送餐地址：云谷公寓-3号楼（12层林＊）,0
Häagen-Dazs,1
哈根达斯上海金山店,1
021-67297659,0
销售 4470,0
时间,0
: 2015-8-10 16:32,0
服务员,0
：张依,0
收银机编号,0
:48302,0
桌号／人数,0
: N103/2,0
爱情海之舟,0
¥86.0,0
霞光梦园,0
¥72.0,0
合计,0
¥158.0,0
E BUY 支付,0
¥30.0,0
杉德银行信用卡,0
¥128.0,0
建设银行,0
*****4183,0
找零,0
¥0.0,0
亲爱的顾客，请保留好小票，两个月内,0
累计现金消费达500元，即可申请VIP贵宾卡。,0
欢迎惠顾哈根达斯淘宝商城旗舰店,0
202傍品牌,0
绿茶杭州萧山银隆店,1
点菜单,0
台号：美团-73,0
单号：218,0
账单号：,0
人数：1,0
服务员：收银员,0
单位：元,0
整单备注：收餐人隐私号 18694587674＿3345，手机号,0
137＊＊＊＊2383 顾客需要餐具（用户没有选择用餐人数）,0
品名,0
数量,0
需要餐具,0
1份,0
招牌粉丝裹虾单人餐,0
1份,0
打包盒,0
1个／1,0
份,0
外送信息,0
美团单号：,0
1000399923913656312,0
送达时间：2023-02-02 17：20,0
送货地址：泰和花园芙蓉苑（1010101）【隐私保护】,0
完整的地址您可登录美团外卖商家端或骑手端查看,0
支付方式：在线支付,0
客人姓名：张（先生）,0
联系电话：18694587674＿3345,0
条码单号：McGEEkFdQTb1,0
McGEEkFdQTb1,0
服务员：收银员,0
打印时间：2023-02-02 17：20：56,0
钱小匠爆汁牛肉饭（下沙清雅苑店）,1
意式烧肉饭,1
奥尔良烤肉饭（力晶亲子广场店）,1
隆江猪脚饭（财通中心店）,1
谷川家丼饭（西湖店）,1
霸碗盖码饭（金沙印象城店）,1
饭米粒中式快餐（人民路店）,1
老娘舅（杭州塘康路崇贤上亿店）,1
老娘舅（市心南路汇德隆购物中心店）,1
老娘舅（下沙宝龙店）,1
饭爵便当（高沙店）,1
82年叫花鸡（阿里店）,1
膳当家黄焖鸡米饭（云悦湾店）,1
华莱士·炸鸡汉堡（拱墅万达二店）,1
一席地·本地鸡窝（龙湖杭州金沙天街店）,1
鸡小闹·卤烤鸡（东站店）,1
鲁员外地锅鸡地锅鱼（江南时代购物中心店）,1
鸡蛙跳铜炉鸡锅（福雷德店）,1
叫了个鸡（南苑街店）,1
恋上麻椒鸡（滨江宝龙城店）,1
安东鸡（滨江龙湖天街店）,1
江萌主地锅鸡地锅鱼（下沙高沙店）,1
农家地锅鸡,1
大牌冒菜（西溪天街店）,1
胖珺珺冒鸭儿,1
冒大仙冒菜（武林路店）,1
蜀仙香冒烤鸭,1
何记老成都冒烤鸭,1
辣千变·成都冒烤鸭（临平店）,1
昌瑞祥.火锅冒烤鸭,1
巴老冒豆花冒菜（精华大厦店）,1
成都冒菜,1
浙帮人·杭帮面,1
诸暨次坞打面（之江旗舰店）,1
杭帮面馆（千岛湖店）,1
伍子面馆（浣纱路店）,1
杭城流芳面馆（临平店）,1
菊英面店（延安路店）,1
杭城流芳面馆（萧山金地德圣店）,1
陳八两面家（湖滨银泰in77B区店）,1
面匠（万象汇店）,1
八角面馆（西溪印象城店）,1
和府捞面（滨江宝龙店）,1
杭小川面馆（龙湖天街店）,1
老街面馆（三坝店）,1
马记永·兰州牛肉面（湖滨银泰店）,1
钱二巷•百年干挑面（银泰百货滨江店）,1
曾记石锅鱼,1
炉鱼（湖滨银泰in77C区店）,1
美团外卖 ＃84,0
李大叔南昌拌粉（下沙店）,1
【立即送达／11：40前送达】,0
下单时间：2023-02-18 11：10：07,0
订单号：1000422592483342555,0
备注信息：,0
顾客需要餐具,0
卤鸡腿【1人份】,0
x1,0
¥7.8,0
卤豆干【1个】,0
¥2.98,0
LX,0
卤热狗【1个】,0
¥2.98,0
LX,0
卤蛋【1个】,0
x1,0
¥2.98,0
荷包蛋【1个】,0
¥2.98,0
LX,0
优选上等【卤牛肉】拌粉（微辣）,0
x1,0
¥29.8,0
【1人份】,0
菜品总价：¥4957,0
（在线支付）,0
¥20.52,0
为保护用户隐私，地址隐藏,0
姓名：杜先生（先生）,0
＃2美团外卖,0
晋面源刀削面（非清真）,1
在线支付（已支付）,0
订单号：18183560357441240,0
下单时间：2017-02-27 11：16：25,0
1号口袋,0
肉炒刀削面,0
13,0
IX,0
泡菜,0
1,0
IX,0
酸辣土豆丝,0
x1,0
12,0
其它,0
餐盒费：2,0
配送费：3,0
原价：¥31,0
总计：¥31,0
天华露小区（11单元402）,0
1855,0
698,0
临夏市天华苑11单,0
元（女士）［门店新客］,0
打印效果展示,0
联华世贸店,0
广州七彩服饰,0
凉菜打印（加）,0
日期：2013-01-15 17：00：50,0
2010-12-04 10:47:19,0
022 22号桌,0
单据号：N02013011500004,0
营业员：ADMIN 管理员,0
单号：0200000067（6人）,0
收银员：888,0
单据号：XSD0000000010,0
点单：收银 2010-08-13 09：22,0
商品名称,0
条码,0
数量,0
金额,0
爱尚非蛋糕（草莓味）40g,0
商品,0
单价折扣数量,0
小计,0
名称,0
数量,0
单价,0
6921682823487,0
3.00,0
凉拌黄瓜（■）,0
阿尔卑斯棒棒糖（混合味）,0
0.60,0
106974｜长裤｜白色｜XL,0
---（即起）,0
6911316540309,0
阿尔卑斯双京棒棒糖（果味）,0
348.0 0.80 1 278.4,0
品注：多放醋,0
6911316375161,0
1.20,0
阿甘牦牛肉干麻辣味,0
数量：1,0
实收：278.4,0
6922898337621,0
1,0
15.60,0
金额：278.4,0
找零：0,0
棒棒娃牛肉放118g,0
6920601702223,0
21.00,0
达利园蛋黄源250g,0
VIP会员：8000000001｜黄小姐,0
凉菜打印（加）,0
6911988006783,0
7.20,0
联系电话：020-88888888,0
合计金额：42.80,0
优惠金额：5.80,0
广州天河区双路XX号,0
022 22号桌,0
实收金额：50.00,0
找零金额：7.20,0
＊＊＊多谢惠顾＊＊＊,0
单号：0200000067（6人）,0
合计件数：6.00,0
点单：收银员2010-08-13 09：22,0
客户姓名：张金,0
卡号：100003,0
名称,0
数量,0
单价,0
西贝莜面村,1
＃8美团,0
第1次打印,0
北京西单君太店,1
用户下单时间：12-01 11.52,0
预计谈达时间：12-01 12：37,0
订单号：7383624480,0
顾客留喜：,0
初期,0
工空心,0
21.00,0
一染,0
10.00,0
3烤年肉串,0
15.00,0
4肉夹,0
1,0
15.00,0
餐是尺计,0
57.00,0
餐,0
4.00,0
配送费,0
7.00,0
订单用账金额,0
68.00,0
本订单优惠,0
-34.00,0
用户实付金额,0
34.00,0
满600元减30.0元,0
用户使用了支付红包4元,0
送5元商家代金券,0
支付状态：,0
已支付,0
联系人：,0
电话：,0
地址,0
＃8美团,0
联系电话：010-66055966,0
商家小票,0
＃6美团外卖,0
＊面面粥道（面、粥、饭）,1
下单时间：,0
2017-1-04 11:20:29,0
1号口袋,0
片儿川,0
半,0
荷包蛋,0
半,0
菌针菇,0
（可加在面条＊和粥里）,0
其它,0
餐盒费,0
配送费,0
［满17.0元减7.0元］,0
-¥7.0,0
*****************************,0
原价：25元,0
（用户在线支付）,0
18元,0
2017年02月28日12：16,0
＃20美团外卖,0
切尔西ChelseaKitchen,1
在线支付（已支付）,0
订单号：5415221202244734,0
下单时间：2017-02-28 11：52：25,0
1号口袋,0
意大利茄汁意面x1,0
15,0
其它,0
餐盒费：1,0
［赠送惠尔康茶饮x1］：,0
原价：¥16,0
总计：¥16,0
通鑫学生公寓A5-2,0
号（A5-107）,0
13123330501,0
苏景杰（先生）,0
MSTCHING,0
合计：¥15.58,0
4,0
东林资,0
15482180506,0
水利31号,0
设备码,0
W■,0
正部,0
WF名,0
WIFI功,0
服务签头,0
请扫,0
＞＞＞欢迎光临知味观＜＜＜,1
仁和路外卖（顾客联）,1
单号：,0
000784,0
机器名：POS9612,0
收银员：,0
1002,0
窗口名：卤味外卖,0
产品名称,0
单价,0
数量,0
金额,0
卤鸭肫,0
74.00 0.250,0
18.50,0
酱鸭舌,0
2.00 2.000,0
4.00,0
红烧鸭腿,0
7.56,0
合计：,0
30.06,0
应收金额：,0
30.06,0
现金,0
30.06,0
找零：,0
0.00,0
餐厅电话：,0
0571-87065871,0
消费日期：,0
2011-10-17 18：0％大众点评平,0
餐厅名称,0
【饿了么】,0
#36,0
--已在线支付--,0
订单号：3034593218367838238,0
下单时间：12-28 11：15,0
送达时间：,0
立即送达,0
备注：,0
不要辣，不要香菜,0
单价,0
数量,0
价格,0
唱極,0
2.00,0
2／份,0
4.00,0
木桶饭,0
红烧鲫鱼,0
28.00,0
1／份,0
28.00,0
酸辣土豆丝,0
12.00,0
1／份,0
12.00,0
合计,0
44.00,0
餐盒费,0
4.00,0
配送费,0
3.80,0
优惠合计,0
-22.00,0
本单预计收入,0
28.00,0
地址：,0
上海市普陀区金沙江路xx号,0
姓名：,0
李＊＊,0
电话：,0
1380000000转152,0
隐私手机号：132＊＊＊＊3082,0
鮨禾屋日料（余杭万达店）,1
浅草屋日本料理（杭行荟店）,1
AJIYA味屋日式烧肉（开元路店）,1
川页の家日本料理,1
幸彩日本料理（塘栖店）,1
余白日料·烧鸟炙烤（隐竹新天地店）,1
太二酸菜鱼（奥体印象城店）,1
奈哥老坛酸菜鱼（临安宝龙店）,1
相约洲湾酸菜鱼·龙虾烧烤（中赢康康谷店）,1
渔家酸菜鱼,1
哇噻酸菜鱼（建国北路店）,1
舟东奶酸菜鱼（龙湖滨江天街铂金岛店）,1
春江酸菜鱼馆,1
壹号海鲜码头（临平店）,1
石浦小海鲜,1
新老邻居海鲜大排档（锦江路店）,1
成鲜生·蒸海鲜（空港新天地店）,1
柒加海鲜姿造（勾庄物流店）,1
肉本家·炭烤肉（下沙宝龙店）,1
桃源肉的故事•炭火烤肉（下沙店）,1
潮牛·黄牛肉馆（联兴路店）,1
大齐国·齐齐哈尔烤肉（新天地店）,1
小牛家村·贵州黄牛肉火锅（金沙龙湖店）,1
御万牛烧肉酒場（黄龙万科店）,1
贵州凉都黄牛肉火锅（古墩路奥克斯店）,1
泰宇三代黑牛烤肉料理湖滨88（定安路银泰店）,1
闻老头•菊花炭烤肉（湖滨店）,1
牛府碳烤鲜牛肉（浙大紫金港店）,1
牛鼎旺·路边牛杂（靖江店）,1
牛New寿喜烧（来福士店）,1
阿东羊骨头煲（崇化店）,1
膳合庄羊骨（九堡店）,1
羊老三牛羊北派炭火锅（运河上街店）,1
一郭羊肉炉,1
冯记羊骨,1
龙十三·全羊馆,1
小满手工粉（湖滨银泰in77B区店）,1
小钢碗老桂林米粉（杭州总店）,1
不知名米线·拌粉（城北店）,1
锅尚签旋转小火锅（裕隆大厦店）,1
福蛙记·牛蛙锅·美蛙鱼头火锅·烤鱼（月亮路大悦城店）,1
骨元甲·自助酱大骨火锅（余杭五常店）,1
锅员外自助烤肉·火锅餐厅,1
涮味浓老北京紫铜炭火锅（拱墅万达店）,1
锅sir时尚火锅·茶憩（滨江天街店）,1
东北特色烧烤（五常店）,1
龙坞·滨江烤全羊,1
手哥东北烧烤（申花店）,1
窝里烧烤小酒馆（西溪天街店）,1
烤江南烧烤•炭火牛蛙,1
小木头烧烤（萧山店）,1
火辣辣烧烤大排档（青山店）,1
烤大仙烧烤·烤鱼（文化园店）,1
必胜客（嘉凯城店）,1
达美乐比萨（江晖路店）,1
三大营南昌水煮·油炸（天城路店）,1
皇天椒水煮肉片（金沙湖店）,1
重庆特色水煮肉片,1
凤凰溪·新派水煮鱼,1
水煮山城重庆老火锅（万和国际店）,1
李想大虾（吾角天街店）,1
阿田大虾·鲜虾火锅（万达金街店）,1
虾吃虾涮（下沙店）,1
清真·槐店王婆大虾（涌金广场店）,1
桥头排骨（东藩南路店）,1
手撕大排骨（文一路店）,1
满东排骨串（古墩路店）,1
任性排骨（临天路店）,1
喜结·手撕大排骨（千岛湖店）,1
锡能成桥头排骨（滨江宝龙店）,1
皖碗鸡·地锅鸡·地锅鹅（沈半路店）,1
丙火铁锅炖,1
农家大锅台地锅鸡地锅鹅（周家里店）,1
固始土鹅火锅（杭海路店）,1
东北老朱铁锅炖,1
临安第一家锡式花甲（临天路店）,1
绝品花甲（下沙店）,1
鼎鲜花甲（宝龙广场店）,1
绝味花甲（金街美地店）,1
活宝花甲·卤味小吃（万达店）,1
蟹都宴·湖畔蟹房（西湖店）,1
七德香品蟹轩（桐庐迎春南路店）,1
蟹满楼·蟹黄面（西湖店）,1
山舍茶屋•蟹料理,1
蟹一品·蟹黄捞面（定安路店）,1
蛙喔·炭烧牛蛙·烧烤（滨江宝龙店）,1
乾掌柜·炭火蛙锅·小龙虾（湖滨店）,1
翡記牛蛙（萧山银泰店）,1
七里香·鸡叽蛙哇（临平银泰店）,1
蛙小子·炭火牛蛙,1
肯德基（仁和好亿购店）,1
肯德基（良渚永旺店）,1
绿茶餐厅（龙井路店）,1
绿茶餐厅（余杭万达店）,1
必胜客（尚城利星店）,1
知味观（湖滨店）,1
知味观小吃·简餐·糕点（萧山店）,1
楼外楼（玉泉店）,1
德克士（萧山机场店）,1
新白鹿餐厅（湖滨银泰店）,1
阳坊胜利涮羊肉(总店),1
全聚德(清华园店),1
鸿宾楼(展览馆路店),1
同和居(月坛店),1
小吊梨汤(双井店),1
龙港酒楼(月坛店),1
川浙会(上地店),1
九十九顶毡房(阜石路店),1
白家大院(苏州街店),1
巴依老爷新疆美食(马驹桥店),1
玉华台饭庄,1
三义和酒楼(广渠门店),1
南门涮肉(后海店),1
胡大饭馆(簋街总店),1
聚柳林烤鸭店(魏公村店),1
大鸭梨(亚运村店),1
红蕃茄楚膳(万寿路店),1
北平食府(陶然亭店),1
老五四季涮肉(菜市口店),1
北平盛世烤鸭店(光明桥店),1
利群烤鸭店,1
京门老爆三(望京店),1
全聚德(玉泉路店),1
唐宫海鲜舫(西藏大厦店),1
细园私家厨房(总店),1
绿茶餐厅(新世界百货崇文店综合馆店),1
南锣肥猫麻辣烤鱼(鼓楼东大街店),1
匹夫涮肉城(西三旗店),1
三只耳鱼头火锅(保利店),1
山城辣妹子重庆火锅(定福庄店),1
鲜牛记潮汕牛肉火锅(亚运村店),1
星月轩四季涮肉城,1
雅玛花式铁板烧餐厅(亚运村店),1
天津百饺园(西单店),1
呷哺呷哺(回龙观港龙店),1
虾吃虾涮(六里桥店),1
郁陵岛炭火烤肉(牛王庙店),1
李小老烧饼(常营民族家园店),1
老舍茶馆(前门店),1
铃木食堂(杨梅竹店),1
锦芳小吃(两广店),1
很久以前羊肉串(天通苑店),1
铃木食堂(丽都店),1
阿达西新疆风味餐厅(甜水园店),1
很久以前羊肉串(花家地店),1
虾吃虾涮(十里堡店),1
威海味海鲜(朝阳门店),1
老磁器口豆汁店(旧宫店),1
麦当劳餐厅(马连道路餐厅),1
鼓楼天汇馒头(鼓楼店),1
晚枫亭日式料理(石佛营店),1
松子日本料理(白家庄店),1
仔皇煲(住邦店),1
和记小馆(白浮泉店),1
庭院(博泰国际商业广场店),1
麦当劳(丰台桥南餐厅),1
七爷清汤腩(长楹天街店),1
麦当劳(杨闸店),1
吉野家(龙潭湖店),1
三五烧鸟居酒屋(劲松店),1
一喜日本料理(红叶店),1
将太无二(朝阳大悦城店),1
大懒龙(刘家窑店),1
巴黎贝甜(上东店),1
吉野家(龙德广场店),1
必胜客(新业广场餐厅),1
大书房咖啡(中传国交店),1
星巴克(方庄菩提店),1
元气寿司(北京嘉里中心店),1
工长乐奶茶店·绵绵冰·鸡蛋仔(合生汇店),1
奈雪的茶(apm店),1
多乐之日(二店),1
元宏祥生煎馆(红庙店),1
布歌东京(金融街购物中心店),1
PARIS BAGUETTE Cafe(领展购物广场·京通店),1
大漠馕坑肉,1
小党特色烧烤城(嘉峪关总店),1
大碗小面抿节面馆,1
毛家饭店(新华南路店),1
清泉羊饭庄(迎宾湖店),1
老贺家陕北抿节面馆,1
马松吉手抓羊肉餐厅(兰新西路店),1
王师傅羊汤客,1
小木屋私房菜(泰和大酒店迎宾东路店),1
瑞景餐饮,1
清真·老杨家涮羊肉,1
郭记羊肉馆(兰新西路店),1
鲍福记清汤羊肉馆(河西店),1
温州海鲜馆,1
水浒烤肉(远东华府店),1
领秀火吧,1
镜铁小吃城(镜铁市场店),1
金湾手抓羊肉面馆,1
九月娇自选火锅超市(嘉峪关店),1
重庆巴将军火锅(迎宾西路店),1
醉金昌烤全羊,1
锦裕棠大酒店,1
毛家湾湘菜馆,1
紫金一号火锅,1
骊靬山庄,1
韩丽轩自助烤肉火锅美食广场(金昌直营店),1
羊肉一条街,1
金昌饭店-金岛西餐厅,1
金羊一品,1
陇上滋味馆,1
刘家小院(天津路店),1
重庆九记火锅(泰安路店),1
老刘头烤全羊,1
索菲亚清真餐厅(玉门路店),1
独一处饺子(北京路店),1
金聚川烤鸭店,1
绿色家园(北京路店),1
重庆火焰山自助火锅(金昌店),1
三招饭店,1
锦都国际酒店茶餐厅,1
靖远老金清炖羊羔肉(总店),1
东来顺酸烂肉,1
名家韩式烤肉,1
靖远马建龙羊羔肉(总店),1
养生园杂粮食府(总店),1
靖银羊羔肉(铜城商厦店),1
祥弘自助火锅,1
清真志发餐厅(北城店),1
靖银楼大酒店,1
靖远羊羔肉(马彦龙穆斯林餐厅),1
袁记串串香(平川店),1
银凤楼酒店,1
四方如意美食(王岘东路店),1
金皇冠酒店,1
鑫悦宴汇,1
三姊妹大酒店(万盛路店),1
靖远老金清炖羊羔肉(一分店),1
New图兰朵小吃店(总店),1
芳洁私房菜,1
会宁人家,1
正宁路小吃夜市,1
阿西娅羊羔肉(大沙坪店),1
清真磨沟沿老字号牛肉面(总店),1
狗不理(费家营店),1
马子禄牛肉面(大众巷店),1
新大众酒楼(武都路店),1
国府一品(中海店),1
金果海港国际宴会中心,1
清真马安军辣子牛肉面(七里河桥店),1
吾穆勒蓬灰牛肉面·清真(北滨河中路店),1
艾米尔饭店,1
西关狗不理大酒店(兰州西关店),1
南湖大酒楼,1
国府一品(民主西路店),1
臻品羊味,1
桃花岛酒楼(二热店),1
清真有奴思烤肉店(正宁路店),1
黄河风情园,1
安泊尔牛肉面(北滨河路店),1
香满楼陇菜(南关店),1
亮豁兰州八公里羊羔肉(富康路店),1
清真靖远白老三羊羔肉,1
达记酱驴肉黄面馆,1
顺天府大酒店(广源店),1
嘉州宴酒店,1
顺张黄面馆,1
七星楼特色烤包子,1
八亩地烤全羊,1
张哥焖饼,1
青海特色美食城,1
小湘会湘菜馆(富康店),1
川湘府,1
敦煌小镇,1
伊鼎火锅(敦煌路店),1
川西北融合创艺餐厅,1
馋私猫卤猪蹄全国连锁(酒泉店),1
桃源人家主题餐厅,1
红运自助火锅(酒泉店),1
燕燕香天下烧烤(新城区店),1
宋记糊锅(酒泉总店),1
鑫鼎清真羊肉馆(人民路店),1
草原人家火锅(朝阳路店),1
聚鑫酱骨王,1
家里婆木火转锅炖,1
来宝酱骨馆,1
肯德基(人民路店),1
大嫂铁锅炖鱼(漠河店),1
卫东冷面馆,1
溢香楼纯味汤品国菜馆(朝阳路店),1
隆福饭店,1
汁道火锅(漠河店),1
太阳红砂锅吊炉饼,1
云桂香小馅饼,1
天缘饺子馆,1
榆林镇筋饼江鱼馆,1
长风砂锅居,1
老妈味道小酒馆(传真街店),1
超信煮动力时尚火锅(塔河店),1
兴旺小肉串,1
醉牛炭火烤肉,1
列娜餐厅,1
连池鱼豆味坊(美食美客),1
李家小馆(中央东大街店),1
刘记老菜馆,1
王毛驴豆腐美食店,1
齐市家庭烤肉,1
胡同里京味烤肉(嫩江店),1
辣嘛山城火锅,1
兴旺农家特色餐馆,1
厨状元粥府(东兴路店),1
老屯锅大爷,1
大赢家海鲜(友谊街店),1
柴火妞大地锅,1
麟江渔村宴会酒店,1
仁和兴饭庄(城南佳园店),1
百元食府,1
宽窄巷成都市井火锅,1
鑫园乡村人家铁锅炖,1
虾吃虾涮(北安店),1
玉麟枫海鲜,1
郭记家常菜下水馆,1
赫千里炭烤大片肉,1
鑫宝厨特色园,1
品上,1
鱼米有机厨房,1
泽米达中韩料理,1
汇三江鱼村,1
北方风味珍味有道,1
清真园(通山路店),1
超厨筋饼王,1
木辛水水冰煮羊(伊春店),1
海澜酒家,1
一九六八饭店,1
168原味笨烤店,1
鑫桂园美食(龙乡大街店),1
辣味尚瘾,1
福源鱼锅,1
汤旺河金手勺美食,1
老太太水煎包,1
宬帅砂锅王(五六总店),1
金三顺韩式炭火烤肉店(中华路店),1
马晓马佳牛羊肉,1
卡缇莉丝自助烤肉餐厅(齐齐哈尔店),1
老善溜肉段(石伟路店),1
龙沙夜市,1
十二忠手拉面(中华路店),1
马晓马佳牛羊肉,1
忆厨阁饺子酒壹号,1
吕屯一头牛烤肉(龙南街店),1
蜜桃海鲜烧烤火锅自助餐厅(雄鹰街店),1
十二忠手拉面(龙华路店),1
宝坤烧烤(公园路店),1
江南家宴,1
完美生活炭火烤肉(二马路店),1
渔掌门饺子酒(重建路店),1
红风车西餐厅(青云街店),1
老兵食堂二店(中华路店),1
巴菲特自助美食盛宴(中环店),1
川府沸腾鱼,1
九段烧传统中国菜(雄鹰街店),1
春花民族饭店(佳木斯总店),1
四海宴骨头王,1
三姐妹冷面馆(第一部),1
大当家成都老味火锅,1
鱼之味私房菜(泰山街店),1
多喜客海鲜烤肉自助烤场(家俬城店),1
李家小馆(外滩店),1
生辉鱼馆(中心花园分店),1
云上创意餐厅,1
全羊馆(先锋路店),1
姥家海鲜大锅台(永丰胡同老店),1
西门老头砂锅(西林路店),1
老油饼酸菜汤(维新店),1
运通食府,1
千里马海鲜酒楼,1
淡水港式茶餐厅(通江街店),1
阿昌狗肉香(宽慧巷),1
巫山烤全鱼(永安街店),1
如意经典老菜,1
牛一厨筋头巴脑锅(总店),1
老牌坊鱼豆花火锅(向阳路店),1
炭之家烤肉(鹤岗市工农店),1
忆江南餐厅,1
幸福屯杀猪菜(总店),1
老船长海鲜加工店,1
乌兰巴托烤羊腿(鹤岗总店),1
华士融合菜,1
汁道火锅(宝泉岭店),1
明轩阁火锅美食,1
红叶渔村,1
买卖提烧烤(兴山店),1
名都晓荷塘主题火锅(鹤岗店),1
广义私厨,1
吉龙肉串涮肚(通达路店),1
签王之王火锅串串(鹤岗店),1
振兴铁锅炖,1
李家包子铺(益民街店),1
超信煮动力经典火锅(萝北店),1
曲氏老北京涮肉(东解放路北一道街店),1
德福海鲜豆捞,1
江南大院(黄河路店),1
酸菜汤,1
鑫海汇海鲜烤肉火锅自助,1
老万砂锅(绥化总店),1
金馋李,1
街头暗号自助烤肉(绥化万达购物中心店),1
鸿源海鲜,1
记忆江南小馆,1
天都府私房菜,1
华龙美食总汇(正大街店),1
千纸鹤嫩汁烤肉(西直南三店),1
渝记宋城火锅,1
祥合大酒店,1
大庄园肉业火锅体验店(五环店),1
天邑食府,1
姐妹海鲜坊,1
川竹火锅(肇东店),1
袁记串串香(绥化店),1
马家烧烤涮肚(总店),1
蒙古巴图鲁烤羊腿(安达店),1
私厨小磨(连丰路店),1
正宗杀猪菜(福盛店),1
清顺斋美食城,1
炭之家烤肉(宝清店),1
悦海楼(宝清店),1
老牌坊鱼豆花火锅(五马路店),1
老船长海鲜加工店(双鸭山店),1
老交通小吃,1
健晟星期天火锅(花园店),1
农家第一锅,1
满福楼大酒店,1
百晟园家常菜馆,1
张家大院(建工路店),1
胡同烤肉(福利店),1
您作煮火锅(集贤店),1
三元阁烤肉,1
百年乡村大锅台(南海西路店),1
三兄弟烤鸭(福利店),1
私厨小磨(东平行路店),1
伊品斋(五马路店),1
大东江冷面(步行街店),1
香千里自助烧烤火锅,1
凡尔赛火锅烧烤自助,1
王家味,1
宴子冷面,1
金鼎美食(南星街店),1
方兴园美食(兴国东路店),1
金爱烧烤(翰景店),1
蜀壹干锅鸭头(鸡西总店),1
延边小镇(福兴店),1
老佛爷炭火蛙锅(电台路店),1
小城故事(园林路店),1
巴伐利亚啤酒健康自助烤场(兴国东路店),1
喜来顺火锅(红旗路店),1
牛尚烤肉,1
悦厨京鸭融合菜馆,1
任家杀猪菜,1
白鱼登舟苗家鱼馆,1
老牌坊鱼豆花火锅(鸡冠区祥光路店),1
彭家山西刀削面旗舰店(园林路店),1
滋味名厨,1
百年木炭火锅,1
品味名厨堂,1
品味笨锅炖,1
牛范儿主题烤肉,1
龙江美食,1
古法烤肉(欧洲新城店),1
阿波罗西餐厅(步行街店),1
口口香龟锅美食(总店),1
老田热面(副食店),1
针牛手切鲜牛肉烤肉,1
鲜品汇家常菜,1
稻香村农家院(吉祥街店),1
崔福记排骨锅(朝阳店),1
小厨娘铁锅炖(幸福里总店),1
张记烤羊腿(西环北路店),1
二小砂锅大饼家常菜,1
德啤烤肉(欧洲新城二期店),1
超信煮动力时尚火锅(北岸店),1
双福味当家,1
哈尔滨师大夜市,1
六顺园回族饭店(工程街店),1
九转小磨(学府店),1
厨掌柜(赣水路店),1
九转小磨(中山店),1
左记清真炭火锅(安宁街店),1
李家小馆(西大直街店),1
居家菜馆(下夹树街店),1
隐厨中国菜馆(爱建店),1
满汉楼(道里店),1
马迭尔西餐厅(中央大街店),1
奇滋豆味(南十四道街店),1
韩国炸酱面(学府店),1
四季家宴,1
羊顺斋火锅(丰润街店),1
京府楼烤鸭店(南极街店),1
珑悦酒店,1
李家小馆(花园店),1
老康火锅(黄河路总店),1
于府香辣蟹(马端街总店),1
镜泊小镇(东长安街店),1
粟氏天府(东三条路店),1
姬家鱼,1
啤酒花园,1
鸭绿江民族饭店(总店),1
郭记榆林筋饼(平安街店),1
地主大院铁锅炖·演艺,1
宽窄成都市井火锅,1
华晟山城火锅(爱民街店),1
吴记酱骨(七星街店),1
华晟山城火锅(牡丹街店),1
朝鲜族大饭店(西三店),1
老妈菜馆(西祥伦街店),1
王小幺成都市井火锅,1
百年酱骨(南市街店),1
马记羊肉串,1
巨无霸海鲜公馆,1
牡丹江乡里乡亲菜馆,1
板门店风味烤肉(西牡丹街店),1
香源自助烤肉(西三条路店),1
春熙小馆(开发区店),1
春熙小馆(乘风庄店),1
嘎吧锅私家菜馆(新村十区店),1
贝勒爷烤鸭,1
湘祥小吃,1
小鱼儿海鲜港(龙岗总店),1
春熙小馆(学伟鑫城店),1
大集体铁锅炖(林甸店),1
鲁福记和平饭店(创业新街店),1
王妈串串香(乐园店),1
开门红鱼头泡饼(建设路店),1
京鸭棠中餐厅(新潮店),1
刘府家宴,1
肖家大院(万宝店),1
宴溪江藤椒鱼(让胡路店),1
肖家大院(六号院店),1
赫轩要得川菜,1
朋友圈音乐主题餐厅,1
盛和道铁板烧(大庆店),1
四海涮肚(丽水店),1
老哥铁锅炖鱼(嫩江北街店),1
丰泽园(辽北路店),1
老金家烤肉烧烤城(二店),1
高丽城(洮安东路店),1
一九二八五谷丰登铁锅炖,1
众合粥铺(2分店),1
咱们屯(大润发店),1
笨妈妈菜馆,1
邵汇大虾火锅,1
大安渔村(民生东路店),1
晋小二刀削面馆(明仁北街店),1
大陆春渔上鲜,1
倍斯特海鲜自助烤场,1
第九味道(光明南街店),1
郭记烤肉(幸福北大街店),1
一九二八铁锅炖,1
北方肥牛(瀚海名城店),1
鲜丰朝鲜族狗肉城,1
古苑火锅,1
好滋味麻辣都汇,1
周记回家吃饭,1
佳佳美食行,1
松原查干湖张三渔村,1
旭日砂锅美食城(沿江东路店),1
鸟语林烧烤之约,1
江南饭庄(郭旗街店),1
三龙豆捞火锅(青年大街店),1
付家小馆,1
三合果木烤鸭店(乌兰大街店),1
邵汇大虾(松原店),1
柒捌玖传统中国菜,1
品味小馆(沿江东路店),1
圣福琚川味火锅(金伦花园店),1
梅花狗肉馆(江南店),1
强子铁锅炖鱼(乌兰大街店),1
沙三烧烤,1
肇源张四江鱼馆,1
怪味炭火烤肉(源江西路店),1
街尚铁桶烤肉(二店),1
牛排工坊(铂金路店),1
春发合饭庄,1
小天厨民间菜馆(深圳街店),1
元盛居分号(亚泰大街店),1
状元阁烧烤(新华路总店),1
九段烧传统中国菜(南四环店),1
可达酒店,1
社会主义新农村(岳阳街店),1
元盛居(生态大街店),1
大年初一(东岭南街店),1
董魯烤鴨(临河街店),1
鲍家老八件菜馆(锦江店),1
李记大厨(总店),1
老长春肉馆(建设街店),1
和顺潮汕牛肉火锅(建设街店),1
合一爷爷·家庭厨房,1
融食汇百姓餐厅(会展大街店),1
百家鸿源青年餐厅(西繁荣路店),1
长春市高新园区车之谷汽车文化餐厅(高新店),1
豪龙饭店,1
尚味麻辣小龙虾(彩织街店),1
全州拌饭(总店),1
兴豆饭店(总店),1
顺姬冷面(总店),1
百年石锅饭旗舰店,1
大朴家烤肉(老国贸店),1
林海雪缘铁锅炖,1
金利串店,1
东北人家铁锅炖(白山街店),1
全州拌饭馆(龙源西街店),1
松林阁(大成店),1
李海玉酱汤王(总店),1
元奶奶包饭(海关店),1
釜山石锅饭(龙井店),1
张师傅参鸡汤(新华街店),1
延春砂锅店,1
火辣辣肥肠(军民路店),1
金达莱冷面馆,1
元奶奶参鸡汤(公园店),1
服务大楼延吉冷面(第一分店),1
百年石锅饭(光明小区店),1
峰峰菜馆(江南店),1
金子冯家屯烤牛肉(新生街店),1
萍香大厨(解放北路店),1
峰峰菜馆(昌茂店),1
吉顺发家常菜馆(望云街店),1
好合园(解放东路店),1
吉林市牛马行牛肉饸饹铺(青岛街店),1
庄稼院饭店(吉林大街店),1
清花阁乌拉满族火锅(厦门街店),1
阿拉佰饭店(临江店),1
老爷岭,1
李员外农家院(总店),1
千代田日本料理,1
峰峰菜馆(青年路店),1
名盛园饭店,1
阿拉佰饭店(西关店),1
老妈传统铁锅炖(延安路店),1
全聚德(神州大厦店),1
新兴园饺子馆(世纪广场店),1
小天府川菜馆(厦门街店),1
小桂林烧鸽子(全国总店),1
李连贵熏肉大饼(站前广场店),1
1928老妈菜馆(紫气大路店),1
正红旗伊通烧鸽子(中央西路店),1
马记领头羊(四平总店),1
合味原,1
邵汇大虾(铁西店),1
候记香雅阁(四平店),1
天池饭店(新商业大厦东南),1
金牌烤场(北新华大街店),1
里厨,1
鲁语烤鸭店,1
龙凤烧鸽子(总店),1
大自然海鲜烤肉(铁东店),1
伊通烧鸽子旗舰店,1
高句丽美食广场,1
盛世一九二八老烧烤,1
名都晓荷塘主题火锅(四平店),1
si哈辣餐厅,1
草帽汽锅鱼(四平店),1
韩朝一品,1
老妈菜馆(山水公寓东),1
小草房沸腾鱼(怡滨店),1
九鼎饺子(浑江区店),1
长白大饭店,1
延吉木屋,1
火山岩岩石烤肉,1
巧婆婆农家宴,1
通江狗肉馆,1
湘菜香土菜馆(怡滨店),1
百姓村猪肉大全(白山店),1
米村拌饭馆(松江河店),1
釜山韩国料理(南围子街店),1
老妈菜馆(北安路店),1
海澜烤肉,1
肯德基(长白山餐厅),1
春雨小吃,1
延边烤肉,1
福源大块烤肉,1
漫江刘家饭庄,1
都市绿洲生态美食广场,1
那家老院子(沈北店),1
千品香(碧桂园银河城店),1
申记串道(和和旗舰店),1
王记骨头馆(滑翔路店),1
胡大饭馆(沈阳分店),1
比尔森烤肉(沈阳店),1
迎宾大酒店(东北大马路店),1
西塔大冷面(市府大路店),1
王家大院(崇山路店),1
徐记炭火铜锅手切鲜羊肉(铁西电影院店),1
菜小湘·辣椒炒肉(盛京大奥莱店),1
伟记四川水煮鱼(南十西路店),1
富雅菜馆(于洪广场店),1
八大碗(长青店),1
邵汇大虾(总店),1
金香汇三宝晚茶(浑南万象汇店),1
都来福海鲜大酒店(大东店),1
白鹤大冷面,1
喜宴酒店(皇姑店),1
柴火大院,1
林家小馆(总店),1
陈家老院,1
名都晓荷塘主题火锅(东风路店),1
王记酱骨头馆(经纬路店),1
闫家酒楼,1
蒙古馅饼(西华园店),1
翔和酒楼,1
鼎悦华伦酒店,1
味里香(中华路店),1
阜新饼王(总店),1
邵汇大虾(东风路店),1
金骰子碳烤骰子肉(二部),1
清真铁家馆,1
咱屯子锅台鱼(阜新三店),1
吉祥来饭店,1
老诚一锅(西山店),1
阿牧牛排(彰武店),1
伯格啤酒小馆,1
桃花源炖品店,1
贡家老铺(嘉和城店),1
丁记火勺(文化街店),1
俏厨自助涮烤食光(乐餐厅),1
千国家庭炭火烤肉,1
御江山炭火自助烤肉(铁岭旗舰店),1
贡记串串香,1
贡家老铺(新区店),1
大吉大利潮汕牛肉火锅(工人街店),1
汉罗山碳火烤肉(龙园店),1
大甸子首届羊汤王东德饭庄,1
洪洋粗粮馆,1
汉罗山(长青店),1
富雅菜馆(体育馆路店),1
青云炭火烤肉(开原旗舰店),1
黄海渔村,1
憨厨沸腾鱼乡(矿工街店),1
多福肥牛(站前大街店),1
希汀粥道(xt001),1
1982洋房火锅,1
一元馅饼店,1
老三骨头馆(白桦东路店),1
卢布里西餐厅(海拉尔店),1
彼得堡餐厅,1
您作煮火锅(海拉尔店),1
外婆家粗粮馆(河东店),1
壹家火锅,1
呈祥马府肉饼馆,1
诺敏塔拉奶茶馆(西大街店),1
薛家私房菜馆(百姓店),1
菌香原健康主题火锅(河东店),1
老船长烤吧(友谊南苑西南),1
春熙小馆(西交界街店),1
鲜果时光海鲜大咖,1
科尔沁烤全羊,1
才恩吉雅牛排锅(海拉尔一号店),1
七间房全羊馆,1
味道川味坊,1
粥宫壹号(河东店),1
一群羊手扒肉火锅(远东公寓店),1
红城家宴,1
王记酱骨头馆(互助西街店),1
关东大院(光明西街店),1
浩日沁蒙式餐厅(金泽店),1
金鲨自助烤场,1
一坛老酒(洮河南路店),1
辣尚瘾时尚烤鱼吧,1
小城家宴坑烤家常菜,1
铁锅故事,1
小六队粗粮食府,1
袁记串串香(互助东街店),1
赛罕塔拉蒙餐,1
古月斋清真饭庄,1
巴尔虎传统涮,1
江原道饭店(丰泽花园一小区店),1
奈吉蒙餐,1
天天渔港酒家(洮河南路店),1
农家乐农家饭庄,1
名羊天下烤羊腿,1
勿布林羊肉火锅楼(盛苑总店),1
老崔家全羊杂·烧麦馆,1
草原印象(额尔敦路店),1
锡林白马饭店,1
好好涮烤工坊,1
嘎师傅手把肉城,1
锡林郭勒元和建国饭店,1
蒙格乐蒙餐,1
绿达涮府(绿达楼),1
张胖子串城(总店),1
牧羊女涮肉坊,1
锡林杭盖蒙餐,1
蒙古丽宫,1
锡林宝格达蒙餐(锡盟店),1
喜来顺经典涮肉坊(会盟大街店),1
双鑫饭庄,1
林萍饭店,1
西贝餐饮,1
锡林河饭店,1
花仟骨创意菜,1
粗粮人家(锡林大街店),1
邵汇大虾(桃源居店),1
哈啾嗨新概念蒙餐(红胜大街店),1
鑫马泰自助(中启店),1
浩月沁草原部落(蒙古餐厅),1
小安汤包(和平路店),1
道江南,1
小北国中餐厅,1
咱屯子锅台鱼(舍利虎大街店),1
老上海1928(二道河大街店),1
十八亩地食尚餐厅,1
味匠精致料理,1
枕水江南(红胜大街店),1
新雅大酒店(滨河大街店),1
马家烧麦(永清大街店),1
李家小馆(平安路店),1
老韩杀猪菜(通辽总店),1
老北京面馆(新世纪花园店),1
鱼米香(桥北店),1
那家小串(总店),1
科尔沁肥牛火锅店,1
高原牦牛退骨肉,1
尕胡才炕锅烤羊肉馆(八一路店),1
顺和餐厅,1
徳令哈河东美食广场,1
三江源美食城,1
伊布拉特色炕锅,1
青原牦牛大骨汤,1
雅古拜生烤羊肉,1
马义黑白条烤羊肉特色美食城,1
清真炕羊肉大王,1
阿斯玛炕锅美食城,1
鲜品汤锅,1
川味怡香园,1
新概念主题川菜餐厅,1
马占海炕锅烤羊肉城,1
伊品东乡手抓城,1
贺彬牦牛大骨汤(德令哈店),1
江南菜庄,1
郭林家常菜(新源路店),1
大胡子烤羊肉,1
清真益鑫羊肉手抓馆(南大街店),1
清雅楼面片炕羊排(总店),1
马佳肴,1
马永华东乡手抓美食,1
马尔沙牛杂(气象巷店),1
马一刀烤肉美食城,1
西城喜悦海鲜城,1
龙江海鲜城(钻石店),1
悦宾楼(城西店),1
鸿星海港,1
马学武手抓美食(下南关总店),1
郁香源家宴,1
明德美食城,1
乡巴佬餐饮(城西店),1
锦尚豪峰,1
大连海鲜(钻石店),1
江南菜庄(西宁分店),1
阿串串老火锅(海湖新区店),1
全聚德(五一路店),1
巴蜀老菜馆(金汇路店),1
撒拉尔餐厅,1
锦翠美食城,1
撒拉尔美食,1
玉霞烤肉面食馆,1
金尊肥牛精品火锅,1
哈克烤肉,1
浩云饭店(餐饮店),1
渝府川纳百味,1
蜀香园饭馆,1
精品川菜小炒,1
川香聚,1
穆斯林餐厅,1
扎藏牧布风情吧,1
裕峰餐饮,1
蜀香园川菜馆,1
伊香园餐厅(盘大公路店),1
海滨部落音乐主题餐厅,1
锦福苑火锅,1
西苑美食城,1
沙立海农家特色餐馆,1
小白农庄,1
夏都第一碗(贵德店),1
循化羊肉王,1
大美循化餐厅,1
清真星月美食城(迎宾西路店),1
尚源美食坊,1
天池烤肉美食城,1
清源农庄,1
金色自助火锅城,1
巴蜀小厨,1
马师烤羊肉,1
德盛门火锅,1
川香阁(迎宾东路店),1
海天阁鱼府,1
重庆小龙坎老火锅(元年景苑店),1
仁人火锅,1
尕让老字号羊肉面片,1
君念美食火锅(共和旗舰店),1
草原精品炕锅肉,1
鸿图食府,1
海峰国际大饭店,1
佑宁府,1
海东市平安区伊品鼎盛火锅城,1
鸿瑞火锅城,1
富华农庄,1
金福酒家,1
湖南大碗菜(圣煜小区店),1
河湟老灶,1
金城特色烤肉店(总店),1
老大姐柴火鸡,1
大美生态园,1
根据地老灶柴火鸡,1
东北丽姐烧烤(平安店),1
艾米尔小厨(川垣大道店),1
三盛羊羔肉,1
大团圆柴火鸡乐都店,1
大灶台柴火鸡,1
食为先卤肉馆全猪宴,1
互助大团结柴火鸡,1
海鸿御宴,1
乾隆美食城,1
隆务人家,1
清真泰山美食宫,1
青海土火锅(尖扎县第三分店),1
白马西餐厅,1
伊丰苑茶餐厅,1
紫云楼家宴精品菜馆,1
努海手抓美食城,1
清真伊庆餐厅,1
辣妹子餐馆,1
刘旭烧烤美食,1
大通正宗生烤羊排,1
金色自助火锅城,1
清真·毛哥小厨,1
拉达尓餐饮宫,1
尖扎县申宝路东九段轩自助火锅,1
草原兴发火锅城,1
清真伊不拉烤肉老店,1
铜锣湾自助火吧,1
群科人家,1
大循化手抓美食城,1
舌尖上的面片(玉树州旗舰店),1
川味王酒家,1
重庆饭店(109国道店),1
邛崃甜皮鸭川菜馆,1
蜀湘私房菜,1
阿姐卓尕私厨,1
重庆烧鸡公(玛曲东路店),1
大胡子小炒烤羊肉,1
重庆小龙坎老火锅(格萨路店),1
万家乐自助涮锅,1
三和小炒,1
蜀大侠火锅(玉树店),1
尚品轩火锅,1
四川柴火鸡(玉树店),1
腾升阁肥牛火锅,1
喜马拉雅藏餐茶艺,1
格萨尔王府饭店-餐厅,1
乐都小炒美食,1
阿妈拉宴会厅,1
老马家马忠餐饮(玛沁店),1
四川天和饭店,1
川淇小炒,1
觉如仓藏式风味餐吧,1
香源阁饭菜馆,1
穆清斋美食农家院,1
一菜一格,1
清真老味道手抓美食城,1
五彩自助火锅店,1
勒隆藏餐吧,1
君念美食火锅(果洛州中心商务大厦店),1
天府小炒,1
果洛金草原牦牛肉,1
天府家宴,1
伊隆老炒炮仗,1
年宝觉如仓藏式风味餐吧,1
美渝石锅鱼羊排火锅城,1
中国摆福军九鼎牛肉拉面果洛店,1
川宴堂,1
刘老二青椒鸡,1
雅女饭店,1
回头香餐馆,1
杂七杂八牛杂汤锅(康定店),1
康定第一锅牛杂汤锅,1
火炎焱烤肉店(甘孜店),1
木屋烧烤(贡嘎大道店),1
红色荣坊主题文化餐厅(主题餐厅),1
康巴拉牦牛馆(炉霍店),1
理塘县特色砂锅牦牛肉馆,1
泸定特色昂州豆花饭,1
海螺沟海螺饭店,1
郑姐私房菜,1
兴雅川菜馆,1
一品轩鱼庄,1
山海厨房,1
星辰星宇川菜馆,1
仓央嘉措藏餐厅,1
平安饭店(新都桥镇中心卫生院西北),1
高血旺饭店,1
美味轩川菜汤锅,1
老字号黄牛肉牛排火锅,1
老北门饭店,1
李清真饭店,1
马三清真饭店,1
端厨(城南店),1
土巴碗火锅庭院(香飘飘店),1
尹家花园,1
安安火锅(上美广场店),1
禾悦韩式自助烤肉(德阳店),1
西昌正宗火盆烧烤(广汉55号仓库店),1
清芳源牛排火锅,1
四川天天红鲜毛肚牛杂火锅(向阳总店),1
休记光头香辣蟹干锅(佛山路总店),1
川西坝子干锅(彩泉公馆店),1
石锅故事北京烤鸭(珠江桥店),1
江湖鲜酒店,1
食其乐海鲜牛排自助(绵竹店),1
兰天鸵鸟美食园,1
香鹅掌(中江总店),1
福满庭,1
乔一乔怪味餐厅(东升店),1
五河渔庄(新津店),1
双流老妈兔头(总店),1
银杏金阁(锦里店),1
乐山鲜知味钵钵鸡(草堂北路店),1
印象泰和园(望丛西路店),1
卞氏菜根香(天府三街店),1
悦百味·品质川菜(青白江店),1
四方阁酒楼(水脉青龙店),1
鸿社重庆老火锅(菽香里一巷店),1
银芭(天府麓镇店),1
红杏酒家(锦苑店),1
飘香火锅(玉林西路店),1
宽席家宴(保利198店),1
红杏酒家(紫荆店),1
爱妻牛排火锅(银杏店),1
瓦罐罐酒楼(金牛店),1
华阳串根香麻辣涮(总店),1
三牦记(柏条河店),1
冒椒火辣(玉林店),1
贡椒鱼(总店),1
刘一嘴饭店·特色中餐,1
姜氏黄牛肉(总店),1
胖师鱼馆(大北街店),1
干老四雅鱼饭店(滨江西路店),1
桥头堡钵钵鸡,1
雅鱼王(雅鱼王饭庄),1
曾记椒麻鸡,1
清溪贡椒鱼(老店),1
和顺羊肉,1
长红牛肉食堂,1
刘艳黄牛肉(总店),1
蜀大侠火锅(雅安旗舰店),1
文记棒棒鸡,1
向东饭店(人民路店),1
阴酱鸡(雨城总店),1
叶凤烧烤,1
干老四雅鱼饭店(沙湾店),1
浩文烧烤,1
邛崃土地坡迎宾餐厅,1
外婆菜农家风味(文定街店),1
三朱公香鹅掌(湖滨路店),1
乡坝头农家风味(总店),1
聚品猪肚鸡(杭州路店),1
春耕野菜馆(湖滨路店),1
蜀妹火辣辣自助火锅(汇金天地店),1
乡坝头巧媳妇(杭州北路五分店),1
香佰里鲜货火锅(景观小镇店),1
老七钵钵鸡,1
灶门签串串香(民和北路店),1
醉不翁酒楼,1
顺兴鲜鱼庄,1
首正鲜货火锅(眉山店),1
香佰里鲜货火锅(二店),1
烤坝昭通把把烧(民和北路店),1
朱儿功夫鱼庄,1
878豆汤饭(杭州路店),1
农夫菜(眉山总店),1
珍品轩鲜菌火锅(眉山店),1
麻辣三国自助火锅城(金罗马广场店),1
兔行天下(自贡店),1
芭夯兔(港湾店),1
江从明巴适蒸笼,1
黄六豆花(形象店),1
盐帮兔老大土菜馆,1
李二豆花(西城壹号店),1
邱金小炒(自贡店),1
李氏冷吃兔(总店),1
盐邦食府(南湖店),1
艾叶土鸡脚(艾叶店),1
车站饭店,1
世臻和平饭店(富顺北湖一号店),1
桂花大酒店(海棠路店),1
芭夯兔(马吃水店),1
天地盐商菜,1
后山豆花(新城店),1
小转盘牛肉串,1
长生面(红旗路总店),1
同兴路美食一条街,1
飞虹鱼馆(南湖店),1
张公桥好吃街,1
古市香跷脚牛肉馆(非物质文化遗产餐厅),1
方德西坝豆腐,1
马三妹跷脚牛肉(苏稽总店),1
东门豆腐脑(绥山东路店),1
大厨小味(乐山店),1
王浩儿纪六娘(总店),1
串妹花式冰粉(总店),1
醉峨眉川湘坊(春华店),1
海汇源老烧麦店,1
古真记钵钵鸡(峨眉沃尔玛店),1
徐凉糕,1
文宫烧烤(白云街店),1
一碗香跷脚牛肉,1
海布衣海鲜大排档(嘉兴路店),1
明升萝卜汤,1
古真记钵钵鸡(老公园店),1
九九豆腐脑(总店),1
光头烧烤(绥山东路南二街店),1
丽华叶儿粑总汇,1
藕然间汤锅(西昌店),1
醉醉香火盆烧烤,1
西昌美丽山水大酒店(餐饮部),1
陈小肠特色火盆烧烤(海门渔村美食街店),1
正宗会理鸡火丝(西昌分店),1
大凉山包谷饭,1
老约家彝家风味餐厅,1
重大老火锅(外滩店),1
兴林园,1
宋记冕宁土菜馆(西客站店),1
邛海湾柏樾酒店,1
王宝器麻椒鱼(春城路店),1
邛海特色野菜馆,1
周大胡子烧烤,1
冕宁小金烧烤,1
喻氏豆花,1
赟赟铜火锅烧烤,1
老字号木古部落彝家美食,1
礼州老方桌乡菜馆,1
龙继斑鱼庄(外滩店),1
宋艳华餐馆(凤凰美食城店),1
幺妹铜火锅,1
云南抚仙湖蒸汽石锅鱼,1
花开藤蔓,1
食家庄自助火锅城(华山店),1
全聚苑风情自助,1
绿色饭庄(红格店),1
攀枝花金雅仙客,1
打牙祭(公园大地店),1
土灶人家,1
二滩打鱼匠,1
巴壁馆,1
红灯笼熟食(桥东街店),1
滨江壹号特色餐饮,1
赵氏黄辣丁,1
秦小胖羊肉馆(米易店),1
牛棚子(公园大地店),1
谭鸭血老火锅(攀枝花店),1
坤姐特色鲜烤,1
七婆串串香(仁和店),1
东北人酱大骨头(迎宾路店),1
玫瑰花烤肉店,1
麻辣空间(友谊路店),1
团城人家美食,1
和田夜市正宗长沙臭豆腐,1
阿塔拜抓饭第一分店,1
金柱大盘鸡(建设路店),1
玉龙喀什有名爱可德木烤包子,1
春富家宴,1
鼎尚鲜牛肉斑鱼庄,1
爱锅者养生火锅(金都大厦店),1
何火吧,1
马胡胡饭庄揪片子,1
尚煌驴肉馆,1
温州大排挡,1
花蕾抓饭馆,1
亚曼拜克饭店,1
驿楼兰新疆菜,1
海尔巴格音乐餐吧,1
山水鱼庄(古勒其路店),1
艾力扎提抓饭馆,1
喀什古城美食广场,1
艾尼纯羊烤肉店,1
莎车县木卡姆故乡餐厅,1
诺澜美食,1
金府美食,1
百年老茶馆,1
冰山来客塔吉克美食餐厅,1
木萨江烤肉店,1
安萨孜美食馆,1
一品牦牛滋补火锅(分店),1
海尔巴格大饭店(喀什店),1
滋雅自助餐,1
忆江南(滨河南路店),1
一山堂私房小菜,1
福润德贾府私房菜,1
馕王,1
瑞安海鲜饭店,1
莎车烤鸽子,1
达瓦依合扎抓饭店,1
海洋美食,1
米尔湾美食,1
香港城步行街美食街,1
茂盛川味,1
蜀香川菜,1
牛牪犇牦牛养生火锅,1
马氏牛肉面(克州连锁店),1
帕米尔高原餐厅,1
周武鱼庄(克孜勒苏柯尔克孜自治州分店),1
肯德基(汉堡西饼商餐厅),1
金丝路文化旅游餐厅,1
金鲁西肥牛火锅(阿图什分店),1
东北炖菜馆(幸福东路店),1
鸭掌门(香港城店),1
168木炭烧烤,1
三斗米川菜小厨,1
小席肥肠煲菜馆,1
红山口牦牛肉馆,1
酒笙清吧,1
雨轩斋麻辣香锅,1
托克逊过油肉拌面,1
重庆小龙坎老火锅(阿克苏分店),1
鸽膳堂(阿克苏总店),1
旺角庄园,1
神火烧烤馕坑肉(兴隆街店),1
大权鸽子店,1
粒粒香抓饭(乾和园店),1
谷粮王食府,1
丰泽抓饭(上海西路店),1
火宴山(阿克苏店),1
小城知味大盘鸡(文化路店),1
苏氏牛肉面(世纪广场店),1
常青美食苑,1
君霸利美食宫,1
源食饭店,1
香他她煲仔饭(友好天百店),1
神龙品鸽店,1
三搭火市井火锅(幸福北路店),1
蜀南小镇(时尚小区店),1
川之味,1
疆土印象,1
开开巴郎尉犁县正宗烤肉(香梨大道店),1
映象天山,1
十三小厨(人民西路店),1
帕河兰烤肉店,1
疆域八十七号烤包子,1
腾蓝美食,1
厨老怪民俗菜,1
亚克熙新疆风味拌面餐厅,1
醉湘饭店,1
麻辣集市毛肚火锅(欢乐海岸店),1
北园春烤鸭店,1
醉美餐厅(滨河路店),1
川风堂酒楼,1
益品香川味厨房,1
再山城串串香,1
绿色鱼庄,1
王保强羊羔肉抓饭(千城后门店),1
牛宫馆丸子汤(千城店),1
同乡惠川湘餐饮,1
蓉城小馆,1
放牛记火锅店,1
艾莱茵,1
赛湖云上餐厅,1
伊百特主题餐厅,1
暖羊羊餐厅,1
马老三回民饭馆(准葛尔路店),1
西域食府(世纪华庭店),1
马春辉真1号杂烩汤(博州二分店),1
百信长城串串香,1
天莱香牛体验馆,1
九尊私房菜,1
大河宴鱼馆(新华路店),1
鼎盛和汉餐(团结北路店),1
海陆空土坑烧烤(中央广场店),1
湘鹅庄(天山路店),1
抓饭小镇,1
新四方美食(锦绣路店),1
好日子自助涮烤吧,1
川湘汇海鲜餐厅(红星路店),1
阔希玛克拉烤包子,1
穆沙子金牌拌面,1
吐鲁番大饭店,1
川渝印象汉餐厅,1
吐鲁番市艾力开木美食城,1
苏来曼拌面王,1
大漠奇香馕坑肉,1
红花木柴烤肉美食,1
巴依美食餐厅(巴依大院店),1
T号小杨清真饭馆,1
鱼你有约烤鱼餐厅(广汇店),1
托克逊美食天下,1
托克逊小黑羊蒸肉店,1
爱乐兹美食,1
小绵羊手抓肉(柏孜克里克路店),1
回品居,1
新疆大漠土艺馆,1
食美乐自助火锅城(吐鲁番店),1
西北虎回民饭庄,1
金阳火锅城,1
汉人街大巴扎,1
老字号故乡烤肉店(总店),1
一口绝面肺子,1
巴彦岱一绝包子店,1
沈派西域饭庄(解放路店),1
西域老回民饭店(开发区店),1
田金羊杂碎店,1
黑公羊美食,1
和盛祥豆捞(香水湾店),1
名丰西域美食,1
老成都菜圆子精品川菜,1
顺风川菜(解放路店),1
悟泽庄园一羊八吃美食(伊宁总店),1
金山手抓肉(红旗分店),1
湘里乡情果木烤鸭店,1
88芦草沟老美味(杂碎店),1
塞疆南餐饮,1
静雅饭庄,1
领头羊烧烤饭店,1
一杆旗抓饭(奎屯店),1
驿楼兰,1
巴里坤美食街(汉城东街店),1
西域印象新疆菜,1
盛添抓饭肉汤馆(光明路店),1
东疆大盘鸡(八一路店),1
好日子都市烤宴海鲜自助火锅,1
二娃排骨(田园路店),1
霓鲁发美食,1
大队长串串老火锅-清真(火箭农场店),1
巷子里串串,1
宽窄巷子火锅(哈密店),1
温馨小厨家常菜,1
西域金马,1
肥肠煲菜馆,1
湘西部落(黄金商厦店),1
馋私猫卤猪蹄(哈密铁路房地管理中心营业厅西北),1
纳加美食馆,1
家和美好日子海鲜自助火锅(魔方店),1
胡杨林烤羊排,1
新时代川菜馆(爱国南路店),1
马氏红烧鹅,1
美食家大酒店(南湖东路店),1
喜特乐生态庄园,1
托克逊老四号餐饮,1
可爱的新疆·丝路宴,1
白马椒麻鸡(新华南路店),1
疆谣德瑞祥新疆菜,1
勤和居(开发区店),1
勤和居(四平路店),1
小河公主秘制烤羊腿(新天润店),1
皓天国泰大饭店(乌鲁木齐店),1
安老太新疆第一碗(文艺路店),1
牛很鲜潮汕牛肉火锅(南湖东路店),1
来甫歌舞宴(腾飞大厦店),1
新民路美食街,1
全聚德(长江路店),1
乌鲁木齐建国饭店(建国路店),1
开帝锐抓饭(西河坝店),1
贵宾府饭店,1
百汇闽南海鲜酒店(餐饮部),1
老东门过油肉拌面馆,1
肖克全牛汤锅(昌吉店),1
喀山疆味美食,1
丝路游记新疆菜,1
湘川十八品(昌吉店),1
粒粒香抓饭(商城路店),1
遇见西域遇见你(新疆菜),1
余家宫大饭店,1
小河公主秘制烤羊腿(吉木萨尔店),1
食尚自助火锅,1
八零大盘鸡,1
渝乡辣婆婆(昌吉店),1
马掌柜火爆羊杂大盘鸡,1
尹鸿家常菜,1
大河宴(吉木萨尔店),1
川老大巴蜀川菜(北京南路店),1
当当烧烤馆(昌吉旗舰店),1
老掌柜芦花鸡,1
小郡肝火锅串串香(长宁路店),1
吉木萨尔红旗大饭店,1
沙湾杏花村大盘鸡总店,1
月圆川菜,1
顺水鱼馆(塔城店),1
粒粒香抓饭(乌苏总店),1
品味佳宴,1
银座酒楼,1
巴郎子抓饭拌面,1
六扇门火锅,1
泉水地大碗肉饭店,1
俄罗斯风情园,1
粒粒香抓饭(重庆南北路店),1
胖妞家庭风味餐馆,1
一号桥火锅城(华凌市场店),1
颗粒香抓饭店,1
巴特鱼庄(杜别克街店),1
喜欢大盘鸡(额敏店),1
顺风肥牛(北京东路店),1
辣道坊麻辣香锅(乌鲁木齐西路店),1
溢香园川菜,1
金融酒家,1
阿吾丹的烤羊,1
天山集市(康城店),1
源味川菜馆,1
北庭院子,1
天山集市(和家乐广场店),1
八楼客啃蹄花(红星店),1
福记福家常菜(南新路店),1
裕丰园美食,1
阿罗新疆菜(银都店),1
厚宅火锅,1
御品粥餐厅(光明西路店),1
阿依库勒新疆菜(克拉玛依店),1
万福楼北京烤鸭(南湖店),1
花儿家宴,1
牧羊人抓饭(克拉玛依店),1
原味抓饭,1
全聚德(准葛尔西路店),1
膳香居(世纪家园店),1
今天我的家餐厅,1
乾富鱼庄,1
海城鱼庄,1
二毛馕坑肉饭店(富蕴店),1
王家野鱼馆(福海县店),1
福海金海岸野鱼馆,1
乡村馕坑肉(富蕴店),1
蓝湾美食城,1
好兄弟特色美食城,1
喀纳斯美食广场,1
新疆风味冷水鱼庄(友谊峰路店),1
32号抓饭,1
一个吃冷水鱼的地方,1
富蕴县人和居私房菜,1
清香怡特色餐厅,1
老街烧烤城(河堤夜市店),1
遇疆餐厅,1
川疆酒楼,1
禾木自留地奶茶馆,1
域无疆餐厅,1
阿勒泰市小地道鱼府,1
二毛馕坑肉(可可托海店),1
秦川名吃(机场肉夹馍总店),1
人民食堂,1
湘里人家(山南店),1
老坛子酸菜竹笋鸡,1
嘎拉夏岗宗藏餐吧,1
老陕手工面(湖南大道店),1
又一村特色酒楼,1
北京饺子,1
先祖故都藏餐厅,1
朝天门火锅(央德洛巷店),1
雍布拉康鲁突藏餐馆,1
牛郎星烧烤(山南店),1
雅砻林自助火锅,1
川味居(格桑路店),1
地道川菜,1
三生川味餐厅鱼庄招待所,1
汉堡王(贡嘎机场餐厅),1
7星藏餐馆,1
巴蜀青菜元子,1
三湘菜馆,1
鲁朗石锅鸡总店,1
大秦饭庄(陕西食府旗舰店),1
小奕菜馆,1
映象川菜,1
巴河鱼庄,1
工布厨房,1
工布石锅(波密分店),1
鲁朗石锅王总店(鲁朗小镇总店),1
博泰林芝大酒店餐厅,1
鸿发石锅城,1
味巴适家常菜,1
春秋厨坊,1
帅哥餐厅(波密县农牧局西北),1
蜀都冒菜馆,1
70年代土灶台(林芝店),1
工布石锅,1
朋源石锅酸汤牦牛肉,1
蜀皇全牛宴(广州大道南段店),1
柴火土灶坊(波密店),1
灌州老板凳砂锅串串香,1
朋源石锅酸汤牦牛肉,1
燃木齐藏餐厅(八宿店),1
云南火塘人家(西藏火塘第一家),1
美味轩江湖菜,1
致和私房菜,1
蜀中吴石锅养身板栗鸡,1
滇菌王府,1
家常味(边坝店),1
老陕面庄(启赤横一街店),1
巴尔宗手抓饭,1
绸都潮牛道涮烤养生馆(芒康店),1
和顺源石锅(江达西路店),1
清真风味城(聚盛苑店),1
品川江私房菜,1
活鲜鱼府,1
西北风味劲道面片,1
巴宿味道,1
香盆景乡村菜,1
铭景观景餐厅,1
养生石锅,1
央卿仓藏餐厅,1
老拉萨粥坊(拉萨总店),1
吉祥圣雪藏餐,1
渝圣川渝食府,1
旬食藏地时令定食(八廓街店),1
胡四川菜(总店),1
乔记鲁朗石锅鸡(布达拉宫店),1
拉萨泽当饭店(拉萨店),1
措姆凉粉,1
念雀拉萨藏家宴,1
拉影老字号烤羊肉,1
山东小院,1
西藏刚坚拉萨饭店,1
简阳羊肉汤(林廓西路店),1
清水荷花素食餐厅(拉萨店),1
水上漂功夫纯牛肉自助火锅(城市百货店),1
蜀客饭店,1
京来顺(德吉北路店),1
云禾食坊,1
顺农陕西老碗面(北京东路店),1
牛味家常菜,1
旺门食府,1
清真兰州九鼎牛肉拉面(那曲店),1
川威羊肉汤,1
蜀邑香火锅,1
格尔木烤羊肉店,1
那曲饭店,1
福来川菜,1
安多蜀都川菜食府,1
雅安饭店,1
马占海烤肉城(第二分店),1
冬月香自助火锅城,1
嘎宗鲁秀藏餐馆,1
龙湖青菜园子,1
一品香饭店(班戈店),1
伊沁手工老炒面片,1
渝都川味食府,1
粥王府(恰青路店),1
二姐包子店,1
开门红酒楼,1
小肥羊(日喀则店),1
陕西食府(一分店),1
老陕饭庄(总店),1
东北大饺子,1
拉孜老陕饭庄,1
祥和食府(上海中路店),1
香他她煲仔饭(日喀则店),1
七品牛肉馆,1
爱九味自选海鲜火锅超市,1
忠林餐厅,1
九九鲜菌火锅城,1
日喀则萨迦龙珠颇彰饭店,1
五道菜馆,1
哥比伦火锅(日喀则店),1
客家寨猪肚包鸡,1
湘粤情湘菜倌,1
灌县老妈砂锅串串(科技路店),1
绵阳干锅,1
蜀邑香火锅(日喀则店),1
温吉尼手抓餐厅,1
草原风情美食城,1
七哥川菜,1
大胡子原味老火锅,1
二辉东北饭店,1
新东星烤肉,1
一碗面(狮泉河路店),1
川西小坝子(普兰店),1
一号大盘鸡主题餐厅,1
绿圆火锅,1
石锅牛羊鸡烤吧,1
大头火锅(札达店),1
德克士(阿里餐厅),1
四川老沙锅,1
望湘阁,1
丽景轩饭店,1
菌王府汤锅,1
穆宫蒸汽牛肉面,1
旭东美食,1
湘味人家(红柳花路店),1
跷脚牛肉,1
三公斤耙猪脚,1
七彩晋家豆腐坊,1
江南春婚礼宫(NO.1),1
永亮酸菜鱼,1
城市花园泰式海鲜火锅(登文店),1
四海饭店,1
猎人苑,1
德哥饭庄(麻园店),1
何家院子(翡翠湾店),1
蔼若春(金实店),1
彭厨(呈贡店),1
傣族人家(教兴路店),1
云台会馆庭院餐厅,1
黑林铺第一家烤肉串,1
林锋生态驴肉馆,1
云津荟馆庭院餐厅-宴会厅,1
闲云舍野生菌火锅(长水机场店),1
普洱四季香食府,1
帅将兄弟烤鸭(四合轩店),1
二郎田鸡(龙门店),1
彝府轩土菜馆,1
庄甸老灶味道都市农家乐(三分店),1
元谋杀猪饭,1
一洞天厨嫂当家(鹿城北路店),1
楚雄紫溪彝村松毛长街宴,1
稻生一美食艺术空间,1
新华饭店(沙桥收费站店),1
老灶味道,1
百泰宴会宫,1
傣一嘴傣味餐厅,1
车坪农家香,1
彝政珍味私房菜,1
菌根香野生菌火锅,1
毛家饭店(古镇南街店),1
第一家驴肉店,1
九田家果木烤肉(楚雄店),1
宾川海稍鱼第一家(正杨牌),1
金龙食府(东盛东路店),1
永兴小吃(北浦路店),1
山珍美食苑,1
老字号澄鱼鲜生态石锅鱼(竹苑小区店),1
靠山源饭庄,1
鸿源饭店(玉湖路店),1
玉溪秋玉老鸭饭店,1
渔米香鱼庄(矣旧月亮弯湿地公园店),1
鲜鱼庄(056乡道店),1
澄江扒猪脚,1
碧香庭,1
昆华烤鸭店,1
三福缘,1
天下第一锅(南华街店),1
玉溪市美好饭店,1
玉溪胡九小吃餐饮连锁店(总店),1
宜品香特色炒菜，扒猪脚,1
丁记田间鳝鱼(总店),1
老许鱼庄,1
随和饭店,1
佳客来牛排火锅自助,1
周家宴闹市边沿农家,1
老郭烤鸭店(老店),1
弥勒食府,1
火烧房子菊花米线(护国路店),1
香满楼(临安路店),1
外婆味道·云南菜大当家(弥勒店),1
鑫桥源菊花过桥米线(蒙自店),1
梯田饭庄,1
猫鱼美食,1
和顺居(银杏路店),1
傣味人家(蒙自总店),1
红河哈尼饭庄,1
南正街小吃,1
正德羊肉馆,1
味道临安,1
杨家花园(红井街店),1
沙甸东郊烧烤,1
钟姐坊炒龙虾,1
水云间食府休闲广场,1
弥勒故事主题餐厅,1
竹林餐厅,1
蒙自源过桥米线(东林路店),1
范范什锦(普洱店),1
江川石锅鱼(无量路店),1
拉祜小土锅餐馆,1
乐土那柯里豆汤老店(思茅店),1
心园饭店,1
思普雅苑,1
老乖二中鸡脚(创始店),1
拉祜妈葫芦小院,1
傣爱徕(茶马古城店),1
山里话餐厅(澜沧风味),1
澜沧康馨饭店,1
余记镇沅带皮黄牛馆,1
高品会牛排自助(雅侎之星购物中心店),1
普洱食府,1
小城故事(双胞大道店),1
爱伲牛肉(孟连店),1
古城素食,1
宁洱苏早丽傣味餐吧,1
爱伲牛肉(景谷店),1
三颗花椒脆毛肚火锅,1
曼飞龙烤鸡(总店),1
江边夜市,1
傣庄园-正宗傣味餐厅,1
云味坊土鸡米线(告庄店),1
勐旺农家,1
谷花土鸡烤鸡店,1
南木湾傣味餐厅,1
傣家美食园,1
曼听小寨黎明傣味楼,1
傣泐金湾餐厅,1
云味坊土鸡米线(曼听店),1
傣味家常便饭,1
傣家线鸡楼,1
莎湾椰德纳(莎湾店),1
啰啰冰屋(景洪总店),1
曼斗傣味花园餐厅,1
槟榔园,1
阿兰烤鱼,1
三国味餐厅,1
江畔小院,1
曼听园(凤翔路店),1
顺风肥牛(临沧旗舰店),1
撒撇馆,1
老佤私房菜,1
相约小筑(孟定店),1
江山不落,1
优利金旺,1
庆丰盈饭庄,1
一品牛火锅,1
羊头岩老字号火腿木瓜鸡,1
傣乡人家,1
佤王御膳饭店,1
强记清汤刀叉养生黄牛肉火锅(云县店),1
一方地饭店,1
尹氏鸡肉米线(总店),1
邦东乡公郎回族饭店,1
聚缘牛蹄馆,1
农家小炒川菜馆(腾达恒顺广场店),1
溢和庄园,1
云县美食家饭店总店(环城北路店),1
正宗保山铜瓢牛肉(五台路店),1
四方街食店,1
白族风味饭庄,1
海燕饭店(兴盛大桥店),1
瑞丰园,1
水上人家民俗餐厅(洱海公园店),1
阿汪私家厨房,1
陈氏海稍鱼(满江店),1
陈氏海稍鱼(开发区店),1
顾氏烩私房菜(大理古城),1
云鹤山珍野生菌火锅(下关分店),1
有秦怀鲜卤市井火锅(美食街店),1
松梅园食坊(文献楼店),1
天龙食尚轩精品酒楼,1
景傣苑傣味(一分店),1
巍山小吃街,1
梅子井酒家,1
巍山刘记(老字号火巴肉饵丝店),1
双廊静南别院私房菜,1
花意间·野生菌锅物料理(大理古城店),1
板桥老九饭馆,1
腾冲地道小吃店,1
永昌火瓢,1
牛牛家铜瓢牛肉(和顺古镇店),1
侨香斋,1
腾北饭店,1
盈香园餐厅,1
乡村小花园饭店(二分店),1
朝伟清真铜瓢牛肉馆(东升商场店),1
寸大妈豆粉餐馆,1
永昌火瓢(保山城区店),1
花姐私房菜,1
灯影铜瓢牛肉,1
联友自助火锅(九龙店),1
醉东山山景餐厅,1
刘小厨私房菜,1
驼峰野菌王(九隆路店),1
金农庄餐馆(腾冲一店),1
马立清真铜锅牛肉馆,1
壹家人烤鸡坊(兰城中路店),1
傈僳园,1
丙中洛火腿土锅鸡饭店,1
犇酸爽牛肉,1
通达饭店,1
三江源农家饭庄,1
傈僳农苑(滨江郦景店),1
孔雀傣乡餐厅,1
海稍鱼饭店,1
乡巴佬漆油鸡,1
银杏小厨,1
味源保山火瓢牛肉(福贡店),1
土土铜锅庄(六库分店),1
乡村风味园,1
傈僳人家,1
跃进桥火烧鸡(怒江西岸店),1
十公里大理饭店,1
品家三元,1
老四川盐帮菜馆(怒江路店),1
牛羊肉饭店,1
金源祥私房菜馆,1
阿妈腊排骨(南门老店),1
阿妈意(小石桥店),1
菌之家野生菌火锅,1
云雪丽(木府店),1
樱花餐厅,1
沈记土鸡米线(七星街店),1
阿婆腊排骨(三分店),1
丽江有一锅(象山店),1
蒸汽石锅鱼山珍馆,1
马四清真牛肉餐馆,1
大理洱海人家,1
钰洁腊排骨火锅,1
玉雪春天,1
丽江88号小吃店,1
泸沽肴干锅,1
火锅主题餐厅(泸沽湖大洛水村农村信用社旁店),1
粗茶淡饭餐厅(丽江束河古镇店),1
饵块食光(云南饵块专门店),1
十堂菌汤刀叉牛肉,1
尚品宫自助火锅(金凯店),1
五彩雪域藏餐馆,1
一尊牦牛(总店),1
敏珠拉姆藏餐,1
易记老地方餐厅,1
雪域藏家火锅(总店),1
扎西卡达藏餐,1
卡瓦博格藏餐吧,1
塔洛藏餐吧,1
母里达吉亨,1
马斌高原牦牛肉饭店,1
宏宏无烟石板烧烤,1
常香饭店,1
青木厨房,1
顺顺小吃,1
热贡艺人阁藏餐,1
宝味居藏家火锅店,1
石屏4号包浆豆腐,1
常顺农家菜馆,1
宏达餐厅(长征大道店),1
玛利嘎藏餐,1
百思特美食,1
五棵树傣味,1
盈黎手抓饭(芒市店),1
伍哥食坊,1
傣家园饭馆,1
林氏圆子(东风店),1
么宋餐厅,1
金螃蟹,1
瑞丽市盈江三味饭店,1
恒兴饭店,1
芒市圣亚庄园,1
小瓦碴厨房餐厅,1
润美民族园,1
沈鸭子饭店(民族街店),1
勐焕傣家(红旗路店),1
钱家傣味食馆(五云路店),1
稻香村景颇文化园,1
潮州餐厅,1
赵大妈餐厅,1
渔人码头(瑞丽旗舰店),1
孙记炒炮(张掖店),1
蓉城味道,1
四坝蒸饼(东关店),1
董记风味牛肉小饭(南大街店),1
张掖饭店,1
沙湾大盘鸡,1
罗胖子面馆(西关店),1
俭朴寨辣子鸡(甘州店),1
泰峰开锅羊肉(二店),1
滋滋烤鱼(仿古街店),1
王掌柜木桶鱼(总店),1
姥家大锅台(鑫汇店),1
姥家大锅台(顺祥店),1
清真三羊烤肉,1
蜀大侠(玉关路店),1
炊烟海派川菜,1
和顺源(臊面包子西关老店),1
伊犁老马大盘鸡(二部),1
清真东方宫中国兰州牛肉拉面(新区店),1
祁连羊肉馆(玉水街店),1
周记三套车(甘肃名小吃),1
老王三套车,1
汉明海鲜自助火锅(北关店),1
汉明生态园,1
老杨家清真餐厅(武威市红十字会博爱医院北),1
伊宁东乡手抓餐厅,1
阳春羊肉馆,1
辣道坊麻辣香锅特色烤鱼,1
食为天百姓厨房(南关店),1
北京皇富烤鸭,1
佳人丽舍酒店,1
王府家宴贵宾楼,1
马老四手抓餐厅,1
码头故事(武威店),1
天和珍味火锅,1
珍爵·丛林狼酱骨头(武威总店),1
老王家菜锅子(大地美居店),1
食为天(南关店),1
壹纸鲜巫山纸包鱼(钟楼路店),1
老回民精品自助火锅,1
顺风山庄(水濂山路店),1
万威茶餐厅(寮步店),1
海记潮菜海鲜美食城(莞城创业店),1
东莞人家风味酒楼,1
大自然醉鹅(寮步总店),1
食悦围城·龙虾馆(万江店),1
邓氏麦家鸽(虎门店),1
聚龙居酒家(连升中路店),1
元通回转寿司(长青店),1
海都六福喜宴(世博广场店),1
锦绣酒楼,1
康怡酒楼(凤岗店),1
小顺风(宏成国际店),1
老莞鲍鱼鸡煲(东莞总店),1
松湖谷雨(餐厅酒馆),1
湘阁里辣(香市店),1
石龙肥苏烧鹅(常平店),1
小四川(东城花园店),1
旺阁渔村(龙湾雅苑东南),1
姚家院子·湖南私房土菜(常平店),1
天涯亿恒主题夜市(亿恒购物中心店),1
嗲嗲的椰子鸡(亚龙湾店),1
三亚海南美食街,1
嗲嗲的椰子鸡(海棠湾店),1
张猫猫的店(海韵路店),1
嗲嗲的椰子鸡(明珠广场店),1
一块豆腐创意主题餐厅(迎宾路老字号店),1
南门涮肉(三亚店),1
回新村海鲜大排档,1
椰小鸡·椰子鸡(亚龙湾东榕美食广场店),1
元气满满海鲜大咖(外贸路店),1
琼乡阁海南菜餐厅(三亚湾店),1
刘记海南风味·椰子鸡(外贸路店),1
三亚吉阳迎宾海鲜广场,1
益龙海鲜(凤凰路店),1
伙乐餐厅(凤凰店),1
林旺夜市广场,1
京东小厨(半山半岛店),1
朱家酒店,1
九毛九山西面馆(胜利购物广场店),1
壹品厨艺(创意餐厅),1
荔湾美食城,1
大碗厨味宴楼(菜园头店),1
鄂州市葛店简朴寨酒店(创业北路店),1
瑞福楼私房菜,1
醉得意(银泰百货店),1
王干烹羊回民烧烤羊蝎子(城南店),1
大自然时尚餐厅(文星大道店),1
梦天湖阳光大酒店,1
知味轩生活菜馆(滨湖南路店),1
荔晶时代餐厅(滨湖南路店),1
酒拾烤肉(鄂州店),1
湘情酒家(五里墩店),1
彭厨(洋澜国际康城店),1
铁锅门(古城北路店),1
兄弟农家,1
浠水姚鸽佬鸽子店(鄂州店),1
味道小镇(家宴鄂州旗舰店),1
怪味酒店,1
乔叶龙老武汉烧烤(鄂州店),1
马记羊羔肉(乌海总店),1
江南水乡,1
小巴盟炖肉骨头馆(建设路店),1
渔悦西北菜,1
龙亨焖面(电力宾馆店),1
和盛四季福(滨河店),1
崔家小院铜锅涮肉(滨河店),1
托娅奶茶馆(陶然尚品店),1
泉草羊杂碎馆(海渤湾店),1
聚兴斋(和平街店),1
原味烧烤美食城(总店),1
蒙古人家蒙餐,1
乡村大妈铁锅焖面烩菜(和平东街店),1
大福顺羔羊脖总店(公园路店),1
苏德蒙式火锅,1
四季福西北菜(乌海店),1
沃野渔歌,1
金德源稍麦城(海勃湾区总店),1
郭福记自助水饺,1
裕丰塞北铜锅,1
雪源昌渔村(总店),1
雪野鱼头大王(邢府公老店),1
苗山峰盛炒鸡店,1
渤海渔村,1
莱芜饭店,1
醉美家园金玉满堂,1
赢顺祥马家羊汤老店,1
邢家饭庄(邢家鱼头老店),1
醉美家园(二分店),1
渔家码头,1
海鸥渔港,1
金家老店(西关街店),1
小城故事(鲁中东大街店),1
高第街56号餐厅(鲁中东大街店),1
孔家酒楼正宗雪野鱼头,1
茶叶正宗炒鸡,1
琦龙豆捞(莱芜店),1
凤凰岛,1
芙蓉餐厅(龙潭东大街店),1
梅子炒鸡(总店),1
幸福上品,1
满福隆酒楼,1
海南广州天河酒家,1
新疆伏拉沃餐厅(白龙南路店),1
龙泉人椰子鸡(龙昆南路店),1
琼海味道(海甸岛店),1
琼菜坊(骑楼店),1
炑羊香烤全羊(海口海甸岛店),1
一品味美食园(海甸四西店),1
星岛码头海鲜城(新埠岛店),1
龙泉人渔村,1
潮欣牛肉店(海秀店),1
当归食堂(龙昆北路店),1
永兴干煸兔肉店(海垦店),1
蚝客行,1
立平野菜谷(龙昆南路店),1
呱呱叫火锅饭店(龙华总店),1
渔友鲜海鲜加工(海鲜大世界店),1
原味主张椰子鸡(国贸友谊城店),1
咔卡时尚茶餐厅,1
张公山美食广场,1
阿财老铺龙虾土菜馆(华夏总店),1
南大街美食城,1
阿财老铺龙虾土菜馆(光彩分店),1
怀远县长九中央饭店,1
周记药膳鸡锅(怀远店),1
蚌埠王家大院,1
老铺人家酒店(紫荆名流店),1
葡萄园酒店(红旗一路店),1
新珠城鱼坊(龙湖店),1
老乡鸡(淮河东路店),1
遇玲珑餐厅,1
徽州晓味(体育路店),1
小小河边鱼(蚌埠店),1
安徽望淮楼大酒店(怀远店),1
最高台金陵大酒店,1
乡味小铺,1
苏三羊肉馆,1
喜福楼尚品荣府(航华路店),1
新东安大酒店,1
庐州太太(百大商业大厦店),1
庐州太太(滨湖店),1
孙府大院(步行街店),1
官亭路小吃一条巷,1
红顶食府(芜湖路店),1
江南名灶(茶里水街店),1
农家乐(经开店),1
庐州太太(双岗店),1
同庆楼(徽州府店),1
庐州太太(CBD店),1
红顶食府(潜山路店),1
风波庄(望湖城店),1
丁里羊肉小镇(芙蓉路店),1
徽宴楼(凯悦店),1
太太满庭芳(铜陵路店),1
庐州太太(信地店),1
同庆楼(金屯店),1
季家厨房(长江东大街店),1
食为先大酒店(桐城路店),1
静水鱼庄,1
颍阳美食广场,1
宴江南(淮河路店),1
贺正小肥牛自助火锅(火车站店),1
楚天娇兰居酒店,1
田三卷馍(泉北万象城店),1
界首锦华饭店(中原路店),1
蜀奴火锅(阜南店),1
芙蓉小镇,1
颍州太太(双清路店),1
集草轩麻辣香锅特色烤鱼(人民路店),1
雪霁山庄(颍河西路店),1
王婆大虾(临泉店),1
徽味全(四中店),1
老乡鸡(阜南店),1
田三卷馍(时代广场店),1
外婆菜(阜南店),1
莲池格拉条(颍上南路店),1
伊顺楼(阜王路店),1
勿忘我酒店(一店),1
馋猫烤肉(万达店),1
耿福兴(凤凰美食街店),1
庄稼人渔村,1
同庆楼(赭山西路店),1
和府园林酒店,1
五味坊家宴,1
同庆楼(奥体店),1
江南徽菜园,1
禾味自助餐厅(中央城店),1
厨禾徽小馆(南陵县店),1
同庆楼(华强广场店),1
澛港第一楼鱼乡村菜(峨山东路店),1
南国七道菜,1
徽香十里,1
五味坊喜宴楼(瑞丰商博城店),1
鑫银河大酒店,1
小高楂肉蒸饭(东郊旗舰店),1
生活麻辣烫,1
瑞龙龙虾馆(金域蓝湾店),1
芜湖甲鱼私房菜(金域华府店),1
田水湾六尺巷(东方蓝海店),1
大关水碗(桐城开发区店),1
老奶奶私房菜(天台里街店),1
爷爷的土钵菜(绿地店),1
柴火饭酒店,1
老乡鸡(人民路店),1
西湖小院土菜馆(安庆1店),1
厚味小厨(北正街店),1
大关水碗(西环路店),1
采菊轩酒店(中兴店),1
大关水碗(大关总店),1
鑫春园酒店,1
惠园(宜之味馆),1
桐国秀水大酒店,1
厚味小厨(光彩店),1
怪味楼(先锋街店),1
和宴酒店,1
老乡鸡(南岳路店),1
福至尊鱼羊馆(桐城店),1
惠园滨江宴,1
鱼头大王(迎宾路店),1
西贝莜面村(六里桥店),1
江边城外烤全鱼(上地店),1
双井轩,1
紫光园(常营店),1
眉州东坡酒楼(通州店),1
同和居(月坛店),1
匹夫涮肉城(清源西路店),1
龙港酒楼(月坛店),1
小吊梨汤(双井店),1
川浙会(上地店),1
莫斯科餐厅(北展一店),1
巴依老爷新疆美食(马驹桥店),1
同春园饭庄,1
紫光园(亦庄店),1
三义和酒楼(广渠门店),1
蜀国演义(黄寺旗舰店),1
便宜坊(哈德门店),1
鸿宾楼(朝阳门店),1
聚柳林烤鸭店(魏公村店),1
姚记炒肝店(鼓楼店),1
观音桥好吃街(星天广场店),1
李子坝梁山鸡(渝北店),1
杨记隆府(解放碑总店),1
舒家大院老火锅(龙头寺总店),1
弓虽昌焖烧鸡(大竹林店),1
李子坝梁山鸡(李子坝大鸡哥店),1
沿顺老字号曼谷牛肉(鱼洞店),1
地瓜老火锅(渝北区总店),1
M的牛尾汤(红旗河沟店),1
二火锅(沙滨路店),1
晓秧锅鲜货火锅(华创店),1
灶东家民间菜(松牌路店),1
清华大饭店(建新东路店),1
重庆会馆(陶然居),1
卤校长老火锅(杨家坪店),1
无届青年餐馆(熙街店),1
福满家老字号江景火锅,1
九九牛肉馆(南山路店),1
乡水源火锅(南城大道店),1
邮亭刘三姐鲫鱼(大足直营店),1
橘隐家(幔亭峰路店),1
仙店农庄(湖景农庄餐厅),1
四宝小镇,1
蜀大侠火锅(创世纪店),1
阿瓦山寨(南平店),1
醉得意(四鹤店),1
老街味道,1
武夷旧街小光饼,1
周麻婆(武夷山三姑店),1
建州宴(武夷山店),1
嘉禾味道(美食广场),1
牛太郎自助烧烤餐厅(金福商厦店),1
老陈紫溪粉(海洋公园店),1
白天鹅海鲜大酒楼(建阳店),1
江南春大酒楼(进步路店),1
溪畔如家土菜馆,1
麦场农庄,1
醉得意(西林街店),1
武夷众味(建阳店),1
周麻婆(冠元广场店),1
张林远华饭店,1
东兴牛肉店(庄府巷店),1
水门国仔老店(水门巷店),1
香喷喷湘菜馆(六罐路店),1
斯丹姜母鸭(涂门街分店),1
老兵饭店(美食街店),1
汕头八合里海记牛肉店(泉州田安店),1
国仔面线糊(水门国仔总店),1
天天渔港酒楼(华泰店),1
超群芋圆店,1
泉州荣誉国宴楼(乐其道),1
绿岛海鲜酒楼,1
吴记华洲咸饭,1
牛肉文(东美店),1
濠江海鲜酒楼(濠江店),1
泉州名吃远芳小笼包(中山路店),1
竹脚大肠羹,1
五洲佳豪酒楼(长兴路店),1
新农家大酒楼(六井孔店),1
好成财牛肉馆(万达店),1
百味自助海鲜涮烤火锅(兰州路店),1
回头客自助火锅(庆阳旗舰店),1
白师羊肉馆(一分店),1
湘江南(顺化东路三分店),1
铜兴土暖锅(庆阳总店),1
千家粗粮王(东方丽晶茂店),1
聚德宴,1
关中印象,1
巴蜀自助火锅(美食城店),1
斗牛火锅吧式烧烤(世纪新村店),1
凹串串老火锅店,1
黄土窑,1
银座火锅(华宇名城店),1
容小馆,1
湘江南(九龙北路总店),1
斗牛火锅(天富亿店),1
阿瓦山寨(庆阳店),1
大锅大灶柴火渔(庆阳总店),1
下庄羊肉(解放西路店),1
小四川(长庆北路店),1
存良手抓城,1
老刀私房菜,1
唯爱回转式自助火锅(正龙路店),1
陇西风味小吃城,1
蜀大侠(临洮店),1
肖老四餐饮(中华路店),1
九月椒(渭源店),1
鸿盛祥泡馍,1
锅来锅往海鲜火锅自选超市,1
老渔村鲜鱼火锅(陇西店),1
锅来锅往海鲜火锅自选超市(定西店),1
老巷酒馆,1
味庄(巩昌店),1
肖老四餐饮,1
马三牛肉面(民主路店),1
兄弟水浒烤肉(定西店),1
九夕椒海鲜自选火锅超市(通渭店),1
隆盛客老火锅(岷阳路店),1
肖老四餐饮(览山国际店),1
蜀湘农家菜,1
龙姐私房菜,1
雄州人家,1
本岛粥城(风度南路店),1
舌尖美食(曲江店),1
永盛山庄餐饮,1
李福记酒家(山水店),1
三和饭店(大学路店),1
蓝天鹅石锅鱼庄,1
美极鲜美味店(武江北路店),1
潮州菜馆(金德易酒店西),1
故乡里园林食府,1
江南水乡(奥园店),1
彭厨(百年东街店),1
新隆饭店,1
东道煮食府,1
老妈农庄,1
雅苑农庄,1
石山农庄,1
海银海记(韶关解放路店),1
梅豪老肖,1
足球农庄,1
凤城食都,1
龙桥私厨(容桂店),1
水仙头私房菜(近良店),1
太和庄(龙江店),1
石岐乳鸽村(南海第三分店),1
尖沙咀酒家(大沥分店),1
十少茶餐室(祖庙店),1
年年顺景酒楼(黄岐总店),1
有腥气私房菜(近良路总店),1
锦绣香江大酒楼(佛山机场店),1
烟桥私房菜馆,1
烽记酒家,1
俊豪宴会酒家(顺德店),1
蒸坊黄鳝饭私房菜,1
人山人海(together保利MALL店),1
尖沙咀酒家(奇腾路九江分店),1
辉哥私房菜(东明路店),1
新顺景酒家(黄海路店),1
鲤鱼门盛宴,1
家宴大牌档(茂名店),1
阿水土鸡(远光店),1
爱尚客韩式烤肉自助餐厅(汇丰广场店),1
鸿福人家,1
窦州府(信宜总店),1
陈村海鲜城,1
化州正宗笪桥隔水蒸鸡(茂名店),1
聚泉庄农家菜,1
兴记绿林饭店,1
东旺海鲜食府,1
阳羚私房菜,1
江夏饭店,1
乡村菜馆(福华店),1
誉满糖多元化餐厅,1
肥佬鸭粥大排档,1
百草堂餐厅(双山一路店),1
华兰农庄,1
乡村茂名菜馆(名门世家店),1
辉记煲仔饭(文光店),1
龙威美食城,1
颓记茶餐厅(美景总店),1
淇沙湾渔村海景餐厅,1
海怡酒家,1
香山小厨,1
万山楼海鲜酒家,1
阳江渔港(前山店),1
春兴海鲜酒家(园林路店),1
名源海鲜饭店,1
老板很二(前山店),1
小荣大胜茶餐厅(中安广场店),1
红叶美食城,1
发仔大排档(长隆海洋王国店),1
金胜酒楼,1
五月花海鲜大酒楼,1
濠轩阁特色生蚝火锅(朝阳店),1
佳食粥档(前山店),1
大草原羊肉坊(情侣南路店),1
三叔煮意,1
龙禧渔村酒楼,1
锋味厨房(吉大店),1
梅州好吃腌面达兴全猪汤(江南总店),1
围龙屋星园酒家(华南大道店),1
叶南渔村,1
大埔小吃文化城,1
叶家饭店,1
牛大王食府(泰和雅苑南),1
万秋楼,1
清香饭店(水潭东路店),1
万事好酒楼(百佳园第6分店),1
华美轩中餐厅(客天下店),1
纯然农家小院,1
裕盛农家菜,1
新嘉园海鲜城(程江店),1
大军韩式料理,1
一盏明灯禅茶素食馆,1
源兴客家饭庄,1
丰发海鲜大酒楼,1
牛王头牛肉火锅(新县城店),1
丰顺广场饭店,1
椿记烧鹅(中山店),1
椿记烧鹅(北门店),1
椿记烧鹅(西街店),1
阿甘酒家(依仁店),1
椿记烧鹅(七星店),1
椿记烧鹅(金水湾店),1
椿记烧鹅(建干路店),1
椿记烧鹅(南溪店),1
阿甘酒家(桂青店),1
美秀牛排店,1
大师傅金奖啤酒鱼(西街老店),1
蛙小侠(东西巷店),1
阿甘酒家(解西店),1
钵老头土钵菜,1
曾三家味馆(七星店),1
谢三姐金奖啤酒鱼(总店),1
澳门酒家(瓦窑店),1
聚福园(七星店),1
阿甘酒家(七星店),1
曾三家味馆(红岭店),1
壮瑶乡村土菜馆,1
食为先大酒楼(南山路店),1
品上土菜馆,1
马山羊庄,1
好客来猪肚鸡(河池分店),1
华华火锅江湖(都安店),1
台湾苏示牛排自助餐厅,1
东道主自助火锅,1
武陵山珍(富华路店),1
彭厨(金城江店),1
鸡鱼爱上蛙(宜州总店),1
都安黑山羊大吃府(宜州分店),1
福寿缘土菜馆,1
贵州特色生态鲜牛肉馆(宜州总店),1
香满楼风味餐馆(石花路店),1
惠都风味美食馆,1
印象老火锅,1
大食界美食,1
马肉大排档,1
老崇左特色风味食馆,1
美食街(新华路店),1
左记正宗渠黎金牌烤猪,1
老地方风味餐厅(江南路店),1
老娘大排档,1
壮乡家常菜馆,1
老街土菜馆,1
金记猪肚鸡饭店(丽江店),1
鸭嘴鱼农家庄,1
御品特色猪肚煲鸡饭店(宁明十二分店),1
大新山里人生态农家乐餐馆,1
崇博饭店(龙胤店),1
湘满楼(江南路店),1
金源美食店,1
龙州珍姐鸡肉粉(滨江店),1
三品王(崇左新城店),1
壶城山庄,1
黑妹饭店,1
兴隆农家鸡,1
客满堂川湘菜馆,1
乡村人家(江北路店),1
鑫记猪肚鸡(钦州店),1
天鹰海鲜城(梦圆店),1
福满楼美食城(鸿福小区店),1
鑫鸿猪肚鸡,1
大头二大排档,1
七十二泾海鲜广场,1
爵胜世家自助餐厅(浦北店),1
董仔烧烤(兴业路店),1
石锅脆皮鸡,1
贵人轩大酒楼,1
黄飞黄(永福西店),1
星湖海鲜酒店,1
印象北部湾饭店,1
钦州西服务区餐厅,1
钦泉鱼头王,1
悦岭南小茶楼脆皮烧鹅外卖,1
银湾桃园大酒楼,1
龙品堂餐厅(钦州店),1
李十二妹羊杂系列(一分店),1
二七路小吃街(鸿通城购物中心店),1
南门口肠旺面(护国路店),1
周记留一手特色烤鱼(青云路总店),1
侗家食府(北京路店),1
云之南滇味民俗餐厅(威清路店),1
苗岭侗寨酸汤鱼(金阳店),1
豪丽大酒楼(盐务街店),1
彭厨(花果园风雨桥店),1
倬餐厅,1
舒家大院重庆老火锅(花果园旗舰店),1
仡佬源民族酒楼,1
柴门九道菜(香椿路店),1
雅园小海螺海鲜广场,1
俏苗寨酸汤鱼(未来方舟店),1
舒家大院重庆老火锅(未来方舟店),1
新凯里酸汤鱼(飞山街店),1
杨姨妈丝娃娃(花果园店),1
龙大哥辣子鸡(多彩贵州店),1
西贡码头大酒楼(美的林城店),1
滋粥楼(中天未来方舟店),1
百年老牌羊汤锅,1
聚源烙锅,1
水城古镇黔羊宴,1
天下第一锅,1
水城之味时尚自助餐厅,1
坎上谭烙锅,1
凯里苗乡酸汤鱼城,1
藕然间(凤凰大道店),1
努力饭店,1
凯悦宴,1
淤泥河红米饭(黄土坡店),1
黄龙洞山庄老店烤全羊,1
小食候湘(六盘水店),1
梧桐苑酒家,1
罗玛尼食府,1
卿家烙锅,1
贵州饭店土司庄园,1
八一花园雲香阁食府,1
小珍私房菜(盘州一店),1
重庆川府香辣虾,1
秦家味老菜馆(半岛店),1
吕宋海鲜楼,1
五粮液大酒店(海阳路店),1
深海渔港(联峰北路店),1
嘉晟食府,1
豆花酒楼(东大街店),1
云轩海鲜饭店(南戴河店),1
海鲜居(红旗路店),1
居品汇海鲜城(海阳路店),1
赵家馆(燕山大街店),1
全聚德(秦皇东大街店),1
椰品生活海南椰子鸡-咖啡下午茶(昌黎阿那亚店),1
福临门饭店,1
渔民海鲜(珠江道店),1
陈记酒楼(长江中道店),1
宾果餐厅(和平店),1
煲火肴,1
沸腾鱼乡(开发区店),1
艾比利自助餐厅,1
段师傅鱼头泡饼(文坛路店),1
0317秘制火锅鸡(正达总店),1
0317秘制火锅鸡(维明路店),1
大鲨鱼自助餐厅(金鼎店),1
大西洋美食广场(正达广场店),1
大鸭梨家常菜,1
味道小厨(中华路店),1
沧兴锦尚美食城,1
盛宴天一坊,1
金顺园(郡府店),1
大西洋海鲜美食城(北环店),1
天厨大酒店,1
瑞园沧州宴,1
大西洋喜事汇(大化宾馆店),1
辣椒炒肉黄骅NO.1,1
米兰西典(沧州店),1
功夫驴驴肉火烧店(总店),1
喜上匠心菜,1
富丽园自助烤肉城(沧州店),1
银海美食城,1
天天鱼港(黄骅店),1
火社火锅(平安大街店),1
西北人家(和平店),1
孙大厨鸽子馆(体育大街店),1
热河食府(中山路店),1
振头古镇,1
乔家大厨(红旗店),1
正太饭庄(大经街店),1
因村顺路驴肉,1
燕风楼烤鸭店(建设总店),1
保定会馆(裕华店),1
城角庄正宗砂锅老店(总店),1
大清花饺子(珠峰大街店),1
孙大厨鸽子馆(振头店),1
女儿红印象(维明店),1
渝乡辣婆婆(川越食空店),1
老酒川菜坊(总店),1
直隶安家罩饼(新石北路店),1
聚香阁(闽江店),1
西贝海鲜汇(槐安路店),1
西北人家莜面村(怀特店),1
老邯郸(高开区店),1
五谷丰登生态园(天和园店),1
郝甲大院,1
五谷丰登生态园(滏东店),1
福人居木火熬鱼,1
鼎库海鲜姿造(光明店),1
金狮麟(邯郸店),1
大光明宴会城,1
老妈厨房(曙光路店),1
蜀道火锅(人民店),1
邯城味道四菜一汤(曙光店),1
菜窝(美乐城店),1
直隶安家罩饼(邯郸丛台区连城别苑店),1
巴奴毛肚火锅(美乐城店),1
天然居(铁西店),1
大如意潮汕牛肉火锅(邯郸店),1
老苏羊汤,1
奶奶的美食(邯郸康德店),1
清穆轩(滏河南大街店),1
枫林阁酒店,1
孟记南关饸饹铺(新源路店),1
铭味坊海鲜烤肉自助(万德隆店),1
关四辈烩面城(安泰街店),1
丰泽园家菜馆(劳动路店),1
新乡和颐鑫地饭店,1
牧乡厨艺(南环形象店),1
味道名厨(新乡店),1
金玲东苑,1
北方北(解放大道南),1
霍氏酒家(平原路店),1
厨状元(平原路店),1
暗恋桃花源生活方式概念餐厅,1
同盟庄园,1
葛记红焖羊肉(和平路形象店),1
食尚火艳自助涮烤(人民路店),1
老胡家羊肉汤(新二街店),1
垣厨味道(亿隆家天下店),1
老东北奇味烤肉(人民路店),1
葛记红焖羊肉总部(河南新乡宝龙广场东区店),1
重庆渝宗堂老火锅(中原路店),1
小街天府,1
老城十字街夜市,1
南关小碗牛肉汤(南关总店),1
宝元水席(洛邑古城店),1
兄弟俩老李家牛肉汤(总店),1
四小姐的店(新都汇店),1
秀水百合酒店,1
胖子鱼庄,1
管记水席老店(仙果市街店),1
宴愉餐茶艺术餐厅,1
宴宾百姓烤鸭(华山路店),1
凯旋门七号会馆,1
方中山胡辣汤(洛阳店),1
南方太太小锅饭(体育中心店),1
好彩猪肚鸡火锅(展览路店),1
铁军鲜羊肉汤馆,1
真不同饭店(政和路店),1
河洛宴大酒店,1
海底捞(泉舜购物中心店),1
芙蓉小镇(香君路店),1
赵记阿香婆(中环店),1
九龙湾大酒店(总店),1
御磨坊肥牛火锅(商丘店),1
一家人(凯旋路店),1
一家人(南京路店),1
名家名厨婚礼主题商务酒店(南京路店),1
满汉楼(八一路店),1
漫餐烤鱼,1
鹅货饿人锅屋(文化路店),1
大丰炊(睢阳大道店),1
韩风源烧烤涮自助餐厅(鼎火店),1
海殿华羊肉汤馆,1
正阳餐饮(文化路店),1
君临天下精品菜(文化路店),1
枫叶轩餐厅,1
厨状元,1
傣妹火锅(商丘金地广场店),1
川贝火锅(文化路店),1
爱美食豆花鱼(睢阳大道店),1
许巷里老房子(古槐街店),1
花石袁虎羊肉馆,1
金粥宴(魏都店),1
禹州十三碗(颍河大街店),1
老胡家羊肉汤(骏景尚都西),1
范坡全牛庄,1
韩风源烧烤涮自助餐厅(文峰路店),1
许昌吴庄驴肉老店(许继大道店),1
小日子火锅(和天下店),1
金玉满堂酒店(瑞景店),1
欢牛府潮汕牛肉火锅(建安大道店),1
小日子火锅(相府店),1
味上融合餐厅(瑞贝卡和天下店),1
蜀魏源自助火锅,1
小日子火锅(仓库路店),1
龙祥阁酒楼,1
爱鱼味烤全鱼(禹州店),1
军转大酒店(帕拉帝奥店),1
金港酒店(魏文路店),1
御源食府,1
西襄生态餐厅,1
邓城庄园,1
邓家牛腩面,1
龙门食谱,1
富源塘,1
美味传说(民发旗舰店),1
红瓦房(南街店),1
好福记大酒店(长虹路店),1
世纪烤吧(风华路店),1
食神(长虹北路店),1
华悦酒家,1
撮一顿小院,1
甜甜馆(广场店),1
东来顺(绿地店),1
秀水花园酒店,1
新富贵酒轩(人民路店),1
博悦宴(天元四季城购物中心店),1
黄氏肥佬鸡煲店(襄阳总店),1
珊瑚海鲜(汉津路店),1
大赛巷特色小吃一条街(沙市味道店),1
彭厨(洪湖店),1
老屋饭香(江津路二店),1
鸡毛饭堂(公安店),1
老街坊邻里餐厅(园林东路店),1
老屋饭香(公园路店),1
荆州老菜(荆州中路店),1
江南春生态园,1
外婆老家(荆南路店),1
老屋饭香(长港路店),1
饭熟了,1
汇园酒家(沿江路店),1
阿妈厨房(石首店),1
阿布杜羊杂(长港路店),1
味道(内环北路店),1
睿涵一盒中华料理(长大店),1
糖葫芦楚筵(荆州店),1
粤菜帮(沙市天地店),1
老包子豆腐坊(诚园店),1
老渔村饭庄,1
火宫殿(坡子街总店),1
秦皇食府(市府店),1
我家小院(新姚路店),1
晴溪庄园(长沙店),1
伍厚德堂(坡子街店),1
壹盏灯(德思勤四季汇店),1
爷爷的土钵菜(天际岭店),1
新怡园酒楼(贺龙店),1
火宫殿(五一东路店),1
茶颜悦色(高铁站店),1
湘高记海鲜加工坊(市府店),1
秀妈厨房(灰汤老店),1
西湖鱼港(湘府店),1
天然台1908(中建广场店),1
西湖楼酒家(三一大道店),1
柳胖子家菜馆,1
玉楼东(湘府路旗舰店),1
徐记海鲜(德政园店),1
董记老清泉北京涮羊肉(河西店),1
新疆餐厅,1
衡地道三菜一汤(长丰店),1
海底捞(华新步步高店),1
陆府酒楼(白沙店),1
酒拾烤肉(解放路店),1
岭南小生(华新旗舰店),1
兆家故事(人民路店),1
麦当劳(解放路餐厅),1
小厨当家(蒸湘北路店),1
熊猫餐谋亲子农场,1
王记矮子王土火锅夜市(金拓店),1
风波庄(永昌店),1
老刘烧烤(万达店),1
陆府酒楼(立新店),1
中山大鸽饭(平湖公园店),1
曲园酒楼(长丰大道旗舰店),1
衡州别院,1
紫光阁(酃湖店),1
大福人家(环城南路店),1
蛙来哒(摩登店),1
陆府酒楼(红湘店),1
周家二小姐的菜(西津渡店),1
兴国长鱼汤店,1
邵顺兴镇江锅盖面(大市口总店),1
新艺自助美食城(中山路店),1
大华面馆(大西路店),1
宴春酒楼(大市口店),1
南山家宴(南山店),1
有家饭店(解放路店),1
永安鱼庄(桃花坞路店),1
老宴春酒楼宴会厅(人民街店),1
镇江禾嘉禧宴大酒店(丁卯店),1
八分饱新中餐(中山西店),1
松茸小馆,1
八分饱西津会(长江路店),1
汇景饭店,1
江月楼·宴会厅,1
镇淮楼(北固湾店),1
景灿大酒店,1
北固山下炖菜精选,1
东兴酒楼,1
曹家大院(通州店),1
好灶头土菜(世纪大道店),1
杏花村大酒店(延寿路店),1
土灶世家(黄海东路店),1
大队长大灶鹅,1
渔人码头(铁星路店),1
老南通饭庄(壹城店),1
鼎厨(濠南路店),1
渔人码头(京扬店),1
东北烤肉(金海岸店),1
四海楼(文昌路店),1
大德寿酒店,1
东北烤肉(五一路新馆),1
田歌小院,1
好灶头土菜(三鲜街店),1
沪尚春晓,1
苏浙徽农家菜农家大院(工农路店),1
南通壹号渔人码头(中南店),1
海底捞(南通八佰伴人民中路店),1
唐闸鸡煲(1895店),1
芳芳私房菜(承德路店),1
孙家面馆(总部),1
锦绣天和大酒店,1
老复兴,1
兰亭序精致餐厅,1
万寿园饭庄(楚州店),1
古文楼淮扬菜(河下古镇二店),1
芳芳私房菜(清河路店),1
南涟人家(工农路店),1
熙和苑(大学城店),1
发现地餐厅(淮海西路店),1
洪泽老鱼馆(淮海店),1
章福记连锁酒店(大庆路店),1
文楼汤包(北门大街店),1
海之缘大酒店,1
上亿烧烤海鲜大咖(承德路店),1
福地豪都大酒店,1
九九饭庄(健康路店),1
东来顺(汇丰广场店),1
名流会馆,1
遇见江西菜(南昌瑶湖店),1
炉忆家宴(京东店),1
柴米油盐三杯鸡(新溪桥店),1
家常饭(孺子路店),1
菜肴故事(京东店),1
羊子两室一厅,1
菜园子家宴(绿茵路店),1
独一处(鼎峰中央店),1
巴依老爷新疆美食(世纪中央城店),1
一觉家宴(江大南路店),1
都市阳光海鲜城,1
炉忆家宴(庐山南大道店),1
土菜王(世贸路店),1
云境生态园酒店(广州路店),1
独一处粥城(抚河北路店),1
名人大众酒楼,1
东北人家(丁公路店),1
谭十三(鹿鼎店),1
海上食代(怡园路店),1
相思林金岛饭店(青山湖店),1
江南红老味道,1
寒野柴火鸡(36分店),1
宴仙湖(暨阳店),1
韩都自助烤肉超市(新余分店),1
七号食代(园中苑店),1
肥牛仔火锅(城南店),1
厨房制造(分宜店),1
七号食代(青年店),1
江南红原味店(高新区春龙街店),1
陈香家宴妈妈菜,1
喜事会海鲜大酒店(暨阳店),1
一鼎鱼部(仙来店),1
小食候湘(分宜店),1
现榨花生油酒店(暨阳店),1
江南饭店(胜利南路店),1
老刘大鲜然(竹山路店),1
三江渔村,1
七号食代(劳动北路店),1
江南厨子(北湖星城店),1
枇杷院子,1
英兰朝族饭店(河南桥头店),1
老字号正宗集安高丽火盆,1
朝族高丽火盆,1
高丽烤肉(沿江路店),1
状元阁烧烤(通化店),1
永树老高丽楼饭店,1
天涯海饺(新站店),1
老妈菜馆(银河大街店),1
张氏厨道,1
金记自助骨头馆,1
江诚建国饭店,1
丰易得美食府,1
老教授地摊烤肉(西关菜窖总店),1
一手卷饼店(建国路店),1
浩源饭店,1
入川秘制川味火锅(梅河店),1
馋爷烧烤(光明路店),1
宝记粥铺,1
小金狗肉城(红星店),1
饼王美食府,1
懋楼饭店,1
荣鹏风味烀饼总店(人民街总店),1
老庞家水馅包子馆,1
晓波烧烤(南桥店),1
锦州御烧烤形象店,1
许家食府,1
金域海港,1
食全食美(渤海大学店),1
吴家菜馆(龙江中街店),1
重庆酸菜鱼,1
金海岸渔家宴,1
大吉大利潮汕牛肉火锅(锦州店),1
老万烧烤(典逸心洲店),1
南小馆(长沙街店),1
秦三驴,1
锦上人家美食城,1
全聚德(锦州店),1
荣盛家常菜,1
伊斯兰饭庄(宜昌路店),1
馨雅山庄,1
老妈菜馆(山东路店),1
68-86大连老菜馆,1
品海楼(老虎滩店),1
老孟罐羊,1
日月升渔家菜(黑石礁店),1
傻厨的味道,1
御竺楼,1
那胡同里的小烤肉馆(安盛店),1
欣欣餐厅·大连老菜(武昌街口店),1
华晟山城火锅(高新园区店),1
紫航海鲜大饭店,1
蟹子楼(振工街店),1
松云居,1
水仙拉面馆(水仙街店),1
孟府酱骨(旅顺店),1
品海楼(北斗街店),1
周水前专业锅包肉,1
7号炉子肉铺,1
王老六铁锅炖鱼(星海公园店),1
红星渔村(将军石店),1
泽成冰煮羊(乌兰察布总店),1
遇见湘江时尚餐厅,1
蒙亨蒙古包餐厅,1
道道老菜馆,1
香辣渔村主题宴会厅(盛世店),1
额尔敦传统涮(乌兰察布体育场店),1
丛林狼酱骨头(解放路店),1
李珍熏鸡(卓资县店),1
春华饭庄,1
虎食山庄,1
和光宴(幸福店),1
蒙A烤羊腿(乌兰察布总店),1
祥顺园,1
巫山烤全鱼(奥威购物广场店),1
温州海鲜城(红楼店),1
山城铜锅涮(津华时代店),1
草堂烤鸭(乌兰察布铁东佳园店),1
白大馅饼(乌兰察布津华时代店),1
红满天烩菜经典民间菜(新区店),1
牧马人奶茶馆(新区店),1
福仁居烤鸭私房菜,1
瑞仁羊架馆,1
西北情莜面村(奥林国际店),1
小油篓焖面(胜利北路一店),1
大千粗粮王(新城康都店),1
花园酒店(胜利南路店),1
村里人家农家菜,1
高老庄私房菜,1
广宇禧宴厅,1
塞香府海鲜店,1
乌日德蒙餐,1
众品香老菜馆(临河店),1
国赫饭店,1
女神大酒店(庆丰街店),1
佬羊倌大碗羊肉,1
九田家果木烤肉(四季花城店),1
朝霞肉焙馆,1
老陈川风味火锅(黄河路店),1
聚海兴酒家,1
白记家味道穆斯林大饭店,1
文英羊肉泡馍(华阴总店),1
韩城古城美食街,1
清真马回斋(东风路店),1
澄城水盆羊肉会斌总店,1
老贺家雅洁羊肉泡馍馆(总店),1
华州老碗,1
老乡村大厨房(乐天大街店),1
仓颉饭店,1
金三角羊肉馆(胜利大街店),1
娃娃川菜馆,1
华都嘉宴,1
爱国煮馍(老城店),1
兴德酒店(东风店),1
老碗餐饮(前进路店),1
玉龙酒店(朝阳路店),1
福成羊肉馆,1
孟记传统大刀面(星源商城店),1
清真永信一民族食苑(渭南老店),1
爱国煮馍(盛世华府店),1
小城味道(金水路店),1
九龙冰室（怡丰城店）,1
结账单-食-已结,0
桌号：B2,0
人数：2,0
单号：129,0
品名,0
规格,0
数量,0
单价,0
鸡翼出前一丁,0
份,0
-,0
35,0
招牌肥汁米线,0
份,0
33,0
配：牛肉丸,0
份,0
配：龙虾丸,0
份,0
配：豆芽,0
份,0
配：香菜,0
份,0
配：酸菜,0
份,0
消费合计：,0
68,0
【新品】特价活动：,0
13.2,0
＊应收：,0
54.59,0
哗啦啦微信,0
54.8,0
［9016＊＊＊＊5763］会员现金卡值,0
0000 自助,0
小程序自,0
助,0
Key:2022082718322213732902690129,0
打印时间：2022-08-27 18：32：22,0
联系地址：佛山市南海区桂城街道石龙南路6号怡丰城,0
一,0
层140铺,0
联系电话：0757-86766121,0
凭此票本月内可开发票,0
XXX酒楼,1
结账时间：2023-02-15 18：33,0
交易序号：01202302150038,0
来客：0,0
服务：收银员1,0
桌台：桌9,0
收银：收银员1,0
机号：01,0
项目名称,0
数量,0
小计,0
烙饼,0
1.00,0
5.00,0
高梁稀饭（碗）,0
2.00,0
6.00,0
摊黄,0
1.00,0
3.00,0
活捉绿豆芽,0
1.00,0
16.00,0
摊黄,0
1.00,0
3.00,0
合计：,0
6.00,0
33.00,0
应收：,0
33.00,0
现金,0
33.00,0
谢谢光临，欢迎再次惠顾！,0
蛙小侠佛山映月环宇城店,1
预打单（1）,0
WET WIPES,0
餐桌：36,0
湿纸巾,0
收银员：,0
韩燕,0
开台人：,0
韩燕,0
开台时间：18：52：56,0
打印时间：,0
19:48:44,0
账单：,0
202206290047人数：,0
5,0
品名,0
数量,0
价格,0
金额,0
斗篷,0
牛蛙锅（285.00）,0
.补气猪肚蛙,0
1,0
146.00,0
146.00,0
ES 2ON,0
.蒜香味,0
1,0
139.00,0
139.00,0
小侠,0
主食小吃（21.00）,0
香米饭,0
7,0
3.00,0
21.00,0
NGTROGG,0
酒水（24.00）,0
大可乐,0
2,0
12.00,0
24.00,0
餐位费（25.00）,0
餐位费,0
5,0
5.00,0
25.00,0
账单明细：,0
菜品,0
355.00,0
合计,0
16,0
355.00,0
应收,0
355.00元,0
请用微信、支付宝【扫一扫】支付,0
佛山市南海区石龙南路南海寰宇城四楼,0
本系统由深圳市彩虹云宝网络有限公司开发,0
XXX酒楼,1
结账时间：2023-02-15 18：11,0
交易序号：01202302150036,0
来客：0,0
服务：收银员1,0
桌台：桌1,0
收银：收银员1,0
机号：01,0
项目名称,0
数量,0
小计,0
鸡蛋炒拉条子,0
1.00,0
15.00,0
高粱稀饭（碗）,0
2.00,0
6.00,0
合计：,0
3.00,0
21.00,0
应收：,0
21.00,0
现金,0
21.00,0
谢谢光临，欢迎再次惠顾！,0
XXX酒楼,1
结账时间：2023-02-15 18：51,0
交易序号：01202302150041,0
来客：0,0
服务：收银员1,0
桌台：桌1,0
收银：收银员1,0
机号：01,0
项目名称,0
数量,0
小计,0
沙盖拌汤,0
【碗】,0
1.00,0
12.00,0
烙饼,0
1.00,0
5.00,0
合计：,0
2.00,0
17.00,0
应收：,0
17.00,0
现金,0
17.00,0
XXX酒楼,1
结账时间：2023-02-15 19：28,0
交易序号：01202302150045,0
来客：0,0
服务：收银员1,0
桌台：桌1,0
收银：收银员1,0
机号：01,0
项目名称,0
数量,0
小计,0
麦仁钱钱稀饭（碗）,0
2.00,0
6.00,0
烙饼,0
2.00,0
10.00,0
酸辣土豆丝,0
1.00,0
16.00,0
合计：,0
5.00,0
32.00,0
应收：,0
32.00,0
现金,0
32.00,0
谢谢光临，欢迎再次惠顾！,0
XXX酒楼,1
结账时间：2023-02-15 19：16,0
交易序号：01202302150043,0
来客：0,0
服务：收银员1,0
桌台：桌10,0
收银：收银员1,0
机号：01,0
项目名称,0
数量,0
小计,0
香菇肉丝汤面,0
2.00,0
30.00,0
合计：,0
2.00,0
30.00,0
应收：,0
30.00,0
现金,0
30.00,0
谢谢光临，欢迎再次惠顾！,0
XXX酒楼,1
结账时间：2023-02-15 19：26,0
交易序号：01202302150044,0
来客：0,0
服务：收银员1,0
桌台：桌3,0
收银：收银员1,0
机号：01,0
项目名称,0
数量,0
小计,0
大盘鸡整鸡（中）,0
1.00,0
68.00,0
大素拼盘,0
1.00,0
28.00,0
9度啤酒,0
8.00,0
48.00,0
大盘鸡加面【拉条子】,0
1.00,0
5.00,0
合计：,0
11.00,0
149.00,0
应收：,0
149.00,0
现金,0
149.00,0
谢谢光临，欢迎再次惠顾！,0
结算客户单,0
北京食埝鲜自选餐厅,1
流水：81,0
单号：2023021612112000,0
收银员：1001-管理员,0
开单人：1001-管理员,0
单据来源：收银台,0
打印时间：2023-02-16 12：11：27,0
打印日期：2023-02-16,0
开始时间：2023-02-16 12：11：26,0
结束时间：2023-02-16 12：11：24,0
消费时长：＜1秒,0
品名,0
原价,0
单价,0
数量,0
小计,0
1．主食,0
3,0
3,0
1,0
3,0
2．菜品,0
64,0
64,0
0.32 20.48,0
公斤,0
合计：数量：1.32 金额：23.48,0
原价合计：23.48,0
整单折让：-2.35（折扣：9折）,0
抹零：-0.03,0
优惠合计：-2.38,0
应收：21.13,0
实付：21.13,0
实收：21.13,0
储值卡：21.1,0
卡号：0＊＊2,0
姓名：王＊蕊,0
等级：金牌,0
余额：161.8,0
电话：136＊＊＊＊9370,0
已结账,0
马路边边串串火锅店（文昌总店）,1
预结单,0
桌名：A25,0
消费人数：,0
6,0
账单号：1000035036,0
开台时间：02-14 18：32,0
预结时间：02-14 19：49,0
服务员：管理员,0
收银员：管理员,0
品名,0
单价,0
数量,0
总额,0
牛油骨汤鸳鸯锅［辣］,0
48,0
1份,0
48,0
调料费,0
3,0
6份,0
18-,0
中郎酒,0
40,0
1瓶,0
40,0
米饭小碗,0
2,0
2份,0
4,0
白色盘,0
28,0
2盘,0
56,0
虾滑条,0
22,0
22,0
一時,0
签签,0
0.7,0
206根,0
144.2,0
纸巾,0
1,0
1盒,0
-,0
金额合计,0
333.2,0
抹零：,0
-0.2,0
优惠合计：,0
-0.2,0
应付金额：,0
333,0
17098282888,0
文昌市教育东路88号耀龄广场F1,0
39号,0
预结单,0
捞捞多自助烤肉海鲜,1
（电白,0
万达广场店）,0
桌号：,0
大厅-A3,0
人数：,0
类型：堂食,0
单号：44798982301240103,0
菜品,0
数量,0
小计,0
优惠价,0
假日学生价,0
4份,0
284,0
284,0
押金,0
1份,0
30,0
30,0
鸳鸯锅底,0
1份,0
0,0
0,0
菜品价格合计,0
314,0
订单金额,0
314,0
注：其中不参与优惠的订单金额314元，参与优惠的订单,0
金额0元,0
应付金额,0
314,0
下单人：刘总,0
下单时间：2023-01-24 18：22：18,0
打印人：刘总,0
打印时间：2023-01-24 18：22：30,0
用餐提示：,0
＊每桌用餐时间90分钟,0
超时每20分钟收取10元／,0
位；,0
＊为了避,0
免食物浪费，每桌收取押金,0
30元，餐后不浪费食物可以,0
退回押金；每浪费200克食,0
物扣款20元，每浪费100克,0
食物扣款10元，以此类推；,0
海解产总过量,0
锦荣巷地摊鱼,1
结账单,0
桌号：6,0
人数：,0
8,0
类型：,0
堂食,0
单号：,0
20500082105190013,0
菜品,0
数量,0
单价,0
合计,0
清江鱼,0
1.6,0
68/kg,0
107,0
重庆毛血旺,0
1,0
58,0
58,0
蒜苔炒腊肉,0
1,0
38,0
38,0
烤内腰,0
3,0
15,0
45,0
蟹肉恋上虾,0
1,0
68,0
68,0
鲜虾酿秋葵,0
1,0
48,0
48,0
秦川叫花鸡,0
1,0
58,0
58,0
鸡丝葬面,0
1,0
22,0
22,0
石锅牛肉,0
1,0
68,0
68,0
大烩菜,0
1,0
32,0
32,0
彩陶坊,0
2,0
120,0
240,0
消毒餐具,0
8,0
2,0
16,0
订单合计,0
800.0,0
订单折扣,0
0,0
应付金额,0
800,0
下单人：老板,0
下单时间：2022-5-19,0
18:16:08,0
打印人：老板,0
打印时间：2022-5-19,0
20:33:21,0
结账单,0
龙仔螺蛳粉（万博店）,1
流水号：0015,0
结账时间：2022-11-14 19：55：45,0
单号：08312522211140015,0
菜品,0
数量,0
金额,0
优惠价,0
柳州老汤螺,0
1 14.9 14.9,0
蛳粉（大份）,0
［辣度：微微辣］,0
金奖招牌螺,0
18.9 18.9,0
蛳粉（大份）,0
［辣度：微微辣］,0
炸蛋,0
2,0
11,0
11,0
金额合计：44.8,0
应收：,0
44.8,0
微信扫码枪：44.8,0
实收：,0
44.8,0
海底捞北国先天下店,1
账单,0
地址：,0
河北省保定市竞秀区朝阳路799号保定北国先,0
天下广场,0
【7】,0
层,0
【1】,0
号／室商铺,0
电话：,0
13096612166,0
台号：,0
56号桌,0
收银员：,0
颜贺,0
服务员：,0
颜贺,0
日期：,0
2022-11-19,0
时间：,0
22:01-00:03,0
单号：,0
2022111800183,0
客数：,0
2,0
原单金额（含赠菜）,0
397.00,0
实收金额,0
397.00,0
开票信息,0
餐饮消费金额：,0
397.00,0
可开发票金额：,0
273.93,0
支付宝,0
273.93,0
＊扫码开票,0
1、本店新增支付方式：微信和支付宝。,0
2、本餐厅营业时间为9：00至次日7：00,0
3、买单时请仔细核对菜品名称、数量、价格、如发现,0
账单存在计算错误，请在24小时内拨打电话：13096612,0
166.18736322932我们将为您进行重新审核，修订,0
4、凭借结账小票可在1年内开发票，（1）电子发票的开,0
票日期就是您在网上申请电子发票的日期：如需要当日,0
的电子发票请务必在消费当日请 （2）请妥善保管好您,0
的结账单，此为扫码开票的凭证，如丢失，存在被其他,0
人虚开发票的风险。（3）如结账单二维码已经失效，请,0
保留好结账单并及时联系本门店或客服开具 如果您对,0
这次就餐有所疑惑请致电0312-5901225,0
感谢您今天光临本店！,0
没有停不了的雨,0
没有亮不了的夜,0
起用笑容跨越过去吧,0
海底捞门店信息化技,0
络科技有限公司提供,0
合作咨询热线：4008-1000-17,0
＞＞＞邂厚牛排餐厅＜＜＜,1
结账单（财务联）2,0
开单时间：,0
2021-04-27 12:53:58,0
结账时间：,0
2021-04-27 13:36:57,0
台号：,0
D区-D6,0
6,0
单号：,0
账单号：202104270009,0
人数：1,0
服务员：ADMIN,0
单位：元,0
品名,0
数量,0
单价,0
全额,0
点单明细-,0
----其他-,0
％巧5克力冰淇淋,0
1份,0
0.00,0
0.00,0
香蒜面包,0
1个,0
0.00,0
0.00,0
水果沙拉,0
1份,0
0.00,0
0.00,0
玉米汤,0
1份,0
0.00,0
0.00,0
香蒜面包,0
1个,0
0.00,0
0.00,0
焦糖布丁,0
1份,0
0.00,0
0.00,0
土豆沙拉,0
1份,0
0.00,0
0.00,0
土豆沙拉,0
1份,0
0.00,0
0.00,0
玉米汤,0
1份,0
0.00,0
0.00,0
香蒜面包,0
2个,0
0.00,0
0.00,0
冰奶茶,0
1杯,0
0.00,0
0.00,0
％嫩肩牛排,0
1份,0
98.00,0
98.00,0
--做法：七分熟,0
---分类统计----,0
邂厚甜品,0
2.00,0
0.00,0
浓汤面包,0
6.00,0
0.06,0
邂厚沙拉,0
3.00,0
0.00,0
邂厚饮品,0
1.00,0
0.00,0
超值系列,0
1.00,0
98.00,0
总金额,0
98.00,0
收款金额,0
98.00,0
抹零,0
0.00,0
-结算明细,0
店内支付宝,0
98.0,0
操作员：ADMIN,0
收银员：ADMIN,0
打印时间：,0
2021-04-27 13:37:40,0
神农铁板烤鱼,1
客单,0
流水号：0014,0
消费人数：1,0
下单时间：11-23 10：14,0
账单号：,0
1000002294,0
服务员：管理员,0
品名,0
单价,0
数量,0
牛骨头面,0
15,0
牛肉面,0
15,0
牀,0
神农铁板烤鱼,0
结账单,0
流水号：0014,0
消费人数：1,0
-000002294,0
碗碗旅湘,0
益禾堂,1
YH.TANG,0
取餐号：18,0
品名,0
规格,0
数量,0
单价,0
小计,0
key:2022121312044513735959010018,0
柠檬小麦青汁 1杯,0
8,0
8,0
打印时间：2022-12-13 13：41：41,0
8,0
打印编号：80100576,0
＊应收：,0
8,0
钦州新二中校外店,0
人民币：,0
8,0
7分糖；少冰（大杯）；,0
消费合计：,0
益禾堂官方网站：www.yihetang.com,0
官方加盟咨询热线：400-855-5288,0
官方投诉建议热线：400-883-5959,0
注意：切刀被卡住,0
村可关断电源重启，,0
手动调节内,0
尚品竹盐龙虾,1
结账单,0
桌名：如意厅,0
消费人数：1,0
账单号：1000011549,0
收银员：管理员,0
开台时间：02-23 12：48,0
服务员：管理员,0
结账时间：02-23 15.52,0
品名,0
单价,0
数量,0
总额,0
小炒猪肺片,0
28,0
1份,0
28,0
田园时蔬,0
18,0
1份,0
18,0
香辣片片鱼,0
48,0
1份,0
48,0
烧鸡公,0
68,0
1份,0
68,0
青椒隔子肉,0
42,0
1份,0
42,0
餐具,0
2,0
5套,0
10,0
纸巾,0
2,0
1包,0
2,0
米饭,0
5,0
1桶,0
5,0
原价合计：,0
221,0
现金支付：,0
221,0
实收金额：,0
221,0
屏芯科技，改变你的生活,0
大全路,0
0735-3225668,0
欢迎光临,0
日之屋（陕西安康万达店）,1
预结账单,0
堂食,0
未结账,0
流水号：1,0
人数：5,0
桌号：卡10,0
预结账次数：2,0
打印次数：2,0
品名,0
数量,0
规格,0
单价,0
小计,0
RZW陕西安康会员卫？B人套餐,0
158.00,0
158.00,0
中华海草,0
1.00,0
份,0
0.00,0
0.00,0
-钟爱一生寿司,0
1.00,0
份,0
0.00,0
0.00,0
-猪五花肉,0
1.00,0
份,0
0.00,0
0.00,0
-雪花牛板腱,0
1.00,0
份,0
0.00,0
0.00,0
牛胸肉,0
1.00,0
份,0
0.00,0
0.00,0
-土豆片,0
1.00,0
份,0
0.00,0
0.00,0
三月瓜片,0,0
1.00,0
份,0
0.00,0
0.00,0
-蒜香金针菇,0
1.00,0
份,0
0.00,0
0.00,0
-牛肉石锅拌饭,0
1.00,0
份,0
0.00,0
0.00,0
韩国果汁饮料,0
1.00,0
听,0
12.00,0
12.00,0
波子弹珠汽水,0
1.00,0
瓶,0
20.00,0
20.00,0
可口可乐,0
1.00,0
可乐,0
6.00,0
6.00,0
消费合计：,0
196.00,0
应收金额：,0
196.00,0
如果您加入 日之屋VIP会员,0
此单可为您节省0.00,0
更多优惠请咨询服务员,0
001｜店长,0
POS点餐,0
单号：2022032712115513716122270001,0
打印：2022-03-27 12：34：43,0
系统由哗啦啦提供，服务热线：4006527557,0
扫码点餐、买单,0
萧县王家羊肉馆（恒大名都店）,1
预结单,0
桌台号：包厢-666,0
流水号：1,0
订单号：101211116113855503728771,0
人数：16,0
商品,0
单价,0
数量,0
价格（¥）,0
精品凉菜（82.00）,0
1、爽口萝卜皮,0
18.00,0
1／份,0
18.00,0
2．蒜泥 鸡蛋,0
18.00,0
1／份,0
18.00,0
3．香菜萝卜丝,0
18.00,0
1／份,0
18.00,0
4．凉拌羊肝肺,0
28.00,0
1／份,0
28.00,0
特色小炒（140.00）,0
5．虾仁蒸蛋,0
28.00,0
1／份,0
28.00,0
6．干煸活八带,0
48.00,0
1／份,0
48.00,0
7．干锅香辣虾,0
48.00,0
1／份,0
48.00,0
8．甜汤,0
16.00,0
1／份,0
16.00,0
［赠送］,0
-16.00,0
时令蔬菜（56.00）,0
9．清炒油麦菜,0
16.00,0
1／份,0
16.00,0
10．芦蒿香干,0
22.00,0
1／份,0
22.00,0
11．清炒西兰花,0
18.00,0
1／份,0
18.00,0
甜品（18.00）,0
12．香酥地瓜丸,0
18.00,0
1／份,0
18.00,0
进店必点（424.00）,0
13．皇藏峪蘑菇烧鸡,0
168.00,0
1／份,0
168.00,0
14．秘制红烧肉,0
88.00,0
1／份,0
88.00,0
15．小份极品羊排,0
168.00,0
1／份,0
168.00,0
酒水饮料（56.00）,0
16．黑五珍,0
28.00,0
1／份,0
28.00,0
［赠送］,0
-28.00,0
17．花生核桃汁,0
28.00,0
1／份,0
28.00,0
［赠送］,0
-28.00,0
合计,0
17,0
704.00,0
商品原价合计,0
776.00,0
优惠合计,0
-72.00,0
应付金额（¥）,0
704.00,0
服务员：玉,0
操作员：玉,0
开单：2021／11／16 11：38,0
打印：2021／11／16 12：15,0
安徽省淮北,0
溪县濉溪县御溪雅苑202商铺,0
3966150157,0
迎下次光临,0
单号：59,0
悸动烧仙草 一杯6种料,0
悸动（百利城店）,1
流水号：59,0
人数：,0
1,0
收银：,0
001|001,0
品名,0
数量,0
规格,0
小计,0
布蕾啵啵奶,0
1,0
中杯,0
10.00,0
标准糖，去冰；,0
手舂杨枝甘露,0
中杯,0
16.00,0
T,0
标准糖，正常冰；,0
消费合计：,0
26.00,0
应收金额：,0
26.00,0
支付方式：,0
微信-用户实付金额,0
26.00,0
备注：,0
加盟热线：4006558862,0
若招待不周，18343332003,0
竭诚为你服务,0
店铺地址：吉林省延边州延吉市百利城B1层B16号商铺,0
Key: 2023021512030513732281070059,0
打印时间：2023-02-15 12：03：11,0
悸动烧仙草x狐妖小红娘,0
开启新春祈愿,0
联名车厘子系列上新,0
向涂山红红祈愿 福利多多,0
扫下方二维码了解更多惊喜,0
结算客户单,0
北京食珍鲜自选餐厅,1
流水：76,0
单号：2023021512022700,0
收银员：1001-管理员,0
开单人：1001-管理员,0
单据来源：收银台,0
打印时间：2023-02-15 12：02：32,0
打印日期：2023-02-15,0
开始时间：2023-02-15 12：02：32,0
结束时间：2023-02-15 12：02：30,0
消费时长：＜1秒,0
品名,0
原价,0
单价,0
数量,0
小计,0
1．主食,0
3,0
3,0
1例,0
3,0
2．菜品,0
64,0
64,0
0.35 22.40,0
公斤,0
合计：数量：1.35 金额：25.4,0
原价合计：25.4,0
整单折让：-2.54（折扣：9折）,0
抹零：0.04,0
优惠合计：-2.5,0
应收：22.86,0
实付：22.86,0
实收：22.86,0
储值卡：22.9,0
卡号：0＊＊2,0
姓名：王＊蕊,0
等级：金牌,0
余额：182.9,0
电话：136＊＊＊＊9370,0
已结账,0
邹城一店海底捞太平西路店,1
-结账单,0
地址：,0
山东省济宁市邹城市太平西路769号邹城九龙,0
贵和购物广场五层西北角商铺,0
电话：,0
0537-5139997,0
台号：,0
58桌,0
收银员：,0
张冰冰,0
服务员：,0
张冰冰,0
日期：,0
2023-02-01,0
时间：,0
17:13-18:10,0
单号：,0
2023020100142,0
客数：,0
4,0
菜品名称,0
规格,0
数量,0
金额,0
（1）拼锅,0
清油麻辣火锅,0
三鲜火锅,0
1,0
78.00,0
（2）服务员看台（张冰冰）,0
位,0
1,0
0.00,0
（3）未使用小料,0
整份,0
1,0
0.00,0
（4）自选小料,0
整份,0
3,0
30.00,0
（5）海底捞原浆白啤300ml,0
常温,0
1,0
9.90,0
（6）王老吉（听装）,0
常温,0
4,0
24.00,0
（7）茴香小油条,0
整份,0
1,0
12.00,0
（8）娃娃菜（半）,0
半份,0
1,0
9.00,0
（9）海底捞1号沙沙土豆（半）半份,0
1,0
8.00,0
（10）金色金针菇（半）,0
半份,0
1,0
14.00,0
（11）木耳（半）,0
半份,0
1,0
8.00,0
（12）竹笋（半）,0
半份,0
1,0
12.00,0
（13）冻豆腐（半）,0
半份,0
1,0
11.00,0
（14）8秒劲道油豆皮（半）,0
半份,0
1,0
10.00,0
（15）热卤耙肥肠,0
整份,0
1,0
26.00,0
（16）招牌大颗粒虾滑,0
整份,0
1,0
62.00,0
（17）捞派脆脆毛肚,0
整份,0
1,0
76.00,0
（18）8秒海带苗（半）,0
半份,0
1,0
10.00,0
（19）层层雪浪猪五花,0
整份,0
2,0
76.00,0
475.90,0
原单金额,0
475.90,0
实收金额,0
开票信息,0
餐饮消费金额：,0
051镇江苏宁店,1
A区,0
预结单2,0
台号：,0
1008A8,0
账单号：10051220802000050,0
人数：2,0
收银员：105111,0
镇江苏宁店收银2,0
值台员：-999,0
线上支付,0
开台时间：2022-08-02 18：03：01,0
预结时间：2022-08-02,0
19:25:24,0
菜品名称,0
数量,0
单价,0
金额,0
1．麻辣巴沙鱼片,0
1,0
32.00,0
32.00,0
2．官官炸豆皮,0
1,0
12.00,0
12.00,0
3．爽脆鲜鸭肠,0
1,0
28.00,0
28.00,0
4．蛋液滚腰片,0
1,0
38.00,0
38.00,0
5．谷饲100天肥牛,0
1,0
36.00,0
36.00,0
6．茼蒿,0
1,0
12.00,0
12.00,0
7．＊划得来自助调料,0
2,0
8.00,0
16.00,0
8．创·世纪菠萝菠,0
萝冰,0
1,0
28.00,0
28.00,0
9．四只美蛙优享锅,0
底3元换购．,0
1,0
0.00,0
0.00,0
-安心美蛙（四只起点）,0
x6,0
114.00,0
-哥老官经典味锅底x1,0
3.00,0
标准,0
1,0
0.00,0
0.00,0
标准麻,0
1,0
0.00,0
0.00,0
标准油,0
1,0
0.00,0
0.00,0
老上海罗宋汤,0
消费合计,0
319.00,0
应付金额,0
319.00,0
江店祝您用餐愉快,0
海底捞宜春天虹购物中心店,1
-预打单,0
地址：,0
西省宜春市宜阳大道239号宜春天虹购物中,0
心5层5008／5009商铺,0
电话：,0
0795-3157881,0
台号：,0
1,0
14:24,0
23号,0
打印：,0
13:10,0
服务员：,0
李小波,0
时间：,0
22111,0
日期：,0
2022-02-26,0
4,0
单号：,0
2022022600092,0
客数：,0
金额,0
菜品名称,0
数量,0
规格,0
（1）四宫格,0
番茄火锅,0
清水锅,0
清水锅,0
58.00,0
真香锅,0
30.00,0
1,0
半份,0
1,0
30.00,0
（2）捞派麻辣滑牛肉（半）,0
1,0
18.00,0
（3）招牌虾滑（半）,0
半份,0
1,0
（4）猪脑花（个）,0
个,0
1,0
37.00,0
21.00,0
（5）鱼籽福袋（半）,0
半份,0
1,0
15.00,0
（6）捞派毛肚（半）,0
半份,0
1,0
（7）血旺（半）,0
半份,0
23.00,0
（8）鱿鱼须（半）,0
半份,0
1,0
1,0
9.00,0
（9）海带苗（半）,0
半份,0
12.00,0
（10）竹笋（半）,0
24.00,0
半份,0
1,0
（11）3秒铃铃卷,0
整份,0
0.00,0
1,0
位,0
1,0
40.00,0
（12）服务员看台（李小波）,0
4,0
（13）自选小料,0
位,0
原单金额（含赠菜）,0
317.00,0
应付：,0
317.00,0
开票信息,0
餐饮消费金额：,0
317.00,0
＊温馨提示＊,0
1、本餐厅营业时间9：00至次日7：00。,0
2、买单时请仔细核对菜品名称、数量、价格。如发现,0
此消费单存在计费错误，请在24小时内拨打电话：1891,0
0738908／18807056588，我们将为您进行重新审核、修,0
订。,0
3、扫描结账单小票二维码开具发票，一个月内有效。,0
4、凭借本门店结账单可在本店开取发票，二维码有效,0
期一个月。,0
（1）电子发票的开票日期就是您在网上申请电子发票,0
的日期；如需要当日的电子发票请务必在消费当日申请,0
（2）请妥善保管好您的结账单，此为扫码开票的凭证,0
，如丢失，存在被其他人虚开发票的风险。,0
（3）如结账单二维码已经失效，请保留好结账单并及,0
时联系本门店或客服开具。,0
感谢您今天光临本店！,0
没有停不了的雨,0
没有亮不了的夜,0
一起用笑容跨越过去吧！,0
海底捞望京新世界百货店,1
预打单,0
地址：望京广顺南大街16号院1-2号楼B1-4层新世界,0
百货（望京店）,0
电话：,0
台号：,0
25号桌,0
打印：,0
2,0
服务员：,0
张海燕,0
时间：,0
21:06-22:12,0
日期：,0
2022-07-19,0
单号：,0
2022071900186,0
客数：,0
3,0
菜品名称,0
规格,0
数量,0
金额,0
（1）拼锅,0
真香锅,0
海底捞新一代番茄火锅,0
1,0
93.00,0
（2）招牌大颗粒虾滑（半）,0
半份,0
1,0
34.00,0
（3）捞派捞面,0
条,0
4,0
24.00,0
（4）捞派脆脆毛肚（半）,0
半份,0
1,0
40.00,0
（5）捞派鸭肠（半）,0
半份,0
1,0
27.00,0
（6）捞派麻辣滑牛肉（半）,0
半份,0
1,0
34.00,0
（7）一盘吃不够的内蒙草原羔羊,0
肉,0
整份,0
1,0
58.00,0
（8）层层雪浪猪五花（半）,0
半份,0
1,0
22.00,0
（9）捞派生鸭血（半）,0
半份,0
1,0
18.00,0
（10）捞派肥牛（半）,0
半份,0
2,0
70.00,0
（11）冻豆腐（半）,0
半份,0
1,0
15.00,0
（12）8秒劲道油豆皮（半）,0
半份,0
1,0
12.00,0
（13）服务员看台（张海燕）,0
位,0
1,0
0.00,0
（14）海底捞大麦拉格啤酒50,0
0ml,0
冰镇,0
1,0
13.00,0
（15）自选饮料,0
整份,0
3,0
27.00,0
（16）自选小料,0
整份,0
3,0
33.00,0
原单金额（含赠菜）,0
520.00,0
应付：,0
520.00,0
开票信息,0
餐饮消费金额：,0
520.00,0
裕华万达店,1
地址：,0
石家庄市槐安路和建华大街交叉口万达百货五,0
楼,0
电话：,0
0311-66766199,0
台号：,0
9号桌,0
收银员：,0
刘景芳,0
服务员：,0
刘景芳,0
日期：,0
2020-09-03,0
15:34-17:33,0
时间：,0
单号：,0
2020090300204,0
客数：,0
3,0
菜品名称,0
数量,0
金额,0
规格,0
（1）四宫格,0
番茄火锅,0
清水锅,0
清水锅,0
清水锅,0
1,0
28.00,0
（2）捞派毛肚（半）,0
半份,0
1,0
4.00,0
33.00,0
（3）捞派捞面,0
整份,0
1,0
（4）精品肥牛（半）,0
半份,0
1,0
34.00,0
（5）草原羔羊肉（半）,0
半份,0
1,0
27.00,0
（6）鱼籽福袋（半）,0
半份,0
1,0
14.00,0
（7）冻豆腐（半）,0
半份,0
1,0
13.00,0
（8）红薯粉带（半）,0
半份,0
1,0
12.00,0
（9）菠菜（半）,0
半份,0
1,0
11.00,0
（10）娃娃菜（半）,0
半份,0
1,0
12.00,0
（11）油麦菜（半）,0
半份,0
1,0
12.00,0
（12）金针菇（半）,0
半份,0
1,0
15.00,0
（13）服务员看台（李静）,0
位,0
1,0
0.00,0
（14）长寿面,0
整份,0
1,0
0.00,0
（15）自选小料,0
整份,0
3,0
30.00,0
（16）自选饮料,0
整份,0
2,0
12.00,0
服务费：,0
折扣：,0
折让：,0
应付金额：,0
257.00,0
实收：,0
257.00,0
开票信息,0
餐饮消费金额：,0
257.00,0
可开发票金额：,0
257.00,0
微信,0
257.0,0
＊结账提醒＊,0
1．本店新增支付方式：微信和支付宝,0
.,0
T号,0
结账单,0
满香园自助海鲜烤肉（呈贡吾悦广场店）,1
流水号：,0
0102,0
类型：堂食,0
结账时间：,0
2023-02-14,0
18:44:15,0
收银员：,0
管理员,0
单号：58204212302140102,0
品项,0
数量,0
小计,0
优惠价,0
抖音优惠,0
2份,0
138,0
138,0
138,0
菜品价格合计,0
138,0
订单金额,0
应付金额,0
138,0
扫码支付-微信,0
138,0
支付合计,0
138,0
下单人：管理员,0
下单时间：2023-02-14 18：44：15,0
打印人：管理员,0
打印时间：2023-02-14 18：44：15,0
用餐两个小时避免,0
超时浪费 浪费超,0
时押金不退 wf mx,0
y65919345,0
欢迎光临,0
巴邑火锅（高鑫广场店）,1
预结账单-堂食-未结账,0
流水号：183,0
人数：2,0
桌号：1,0
预结账次数：1,0
打印次数：1,0
品名,0
数量,0
规格,0
单价,0
小计,0
巴邑毛肚,0
1.00,0
小份,0
32.00,0
32.00,0
火锅三宝,0
1.00,0
份,0
58.00,0
58.00,0
手工虾滑,0
1.00,0
份,0
42.00,0
42.00,0
肉多多午餐肉,0
1.00,0
小份,0
12.00,0
12.00,0
鱼豆腐,0
1.00,0
小份,0
12.00,0
12.00,0
巴邑炒饭,0
1.00,0
份,0
16.00,0
16.00,0
蜜汁鸡翅,0
2.00,0
串,0
6.00,0
12.00,0
自助调料水果,0
2.00,0
份,0
8.00,0
16.00,0
3邑秘制牛肉,0
1.00,0
份,0
42.00,0
42.00,0
赠送长寿面,0
1.00,0
份,0
0.00,0
0.00,0
金牌三味锅小份（,0
1.00,0
个,0
58.00,0
58.00,0
菠菜拼娃娃菜,0
1.00,0
份,0
12.00,0
12.00,0
（营）［赠］清蒸龙虾（1.00,0
大份,0
128.00,0
0,0
消费合计：,0
440.00,0
账单赠送,0
128.00,0
应收金额：,0
312.00,0
如果您加入 巴邑火锅P会员,0
此单可为您节省 0.00,0
更多优惠请咨询服务员,0
004｜老叶,0
小程序自助,0
单号：2022060518340013718525670183,0
打印：2022-06-05 19：44：38,0
系统由哗啦啦提供，服务热线：4006527557,0
NO.14560,0
流水号：84,0
人数：2,0
桌号：804,0
预结账次数：,0
反结账次数：,0
打印次数：,0
品名,0
数量,0
规格,0
单价,0
小计,0
肉类,0
黑胡椒牛柳［赠1］,0
1,0
份,0
24,0
24,0
小料,0
8,0
湿巾调料,0
2,0
份,0
4,0
餐前六围叠,0
1,0
份,0
0,0
0,0
碳房,0
上碳,0
1,0
盒,0
0,0
0,0
消费合计：,0
32,0
账单赠送：,0
24,0
应收：,0
8,0
009 王琳,0
POS点餐,0
单号：2021022419190813734349820084,0
打印：2021-02-24 19：50：36,0
系统由哗啦啦提供，服务热线：4006527557,0
多维多素茶饮店,1
消费清单,0
订单已付款,0
取餐号：870,0
流水号：87,0
0,0
人数：1,0
内用-商户收银终端,0
订单号：101230212222315743862951,0
商品,0
单价,0
数量,0
价格（,0
¥),0
招牌（12.00）,0
1．芋泥芝士牛乳 12.00,0
1／杯,0
12.00,0
茶大杯,0
合计,0
1,0
12.00,0
参与折扣统计,0
可参与折扣统计,0
12.00,0
商品原价合计,0
12.00,0
应付金额（¥）,0
12.00,0
实付金额,0
12.00,0
微信,0
12.00,0
大,0
付款合计,0
12.00,0
操作员：赵钦鑫,0
开单：2023／02／12,0
打印：2023／02／12,0
22:35,0
沈阳市皇姑区长江街127号,0
22:35,0
15040756188,0
欢迎下次光临,0
茶颜悦色二店,1
56,0
序号：026＊＊53,0
收银员：茶颜悦色二店,0
人数：1,0
位置：堂食,0
时间：2021-05-03 10：41：11,0
单号：,0
243932222105031041112005026**53,0
单价,0
数量,0
总价,0
商品,0
15,0
17,0
255,0
声声乌龙,0
［打包］（【标准糖】／【标准冰】）,0
岭南佳荔-夏日限定,0
15,0
1,0
15,0
（【标准糖】／【标准冰】）,0
［折扣］茶颜2元减免券：-2,0
12,0
16,0
192,0
风栖绿桂,0
［打包］（【标准糖】／【标准冰】）,0
岭南佳荔-夏日限定,0
15,0
16,0
240,0
（【标准糖】／【标准冰】）,0
原价金额：702,0
折扣金额：-2,0
实际金额：700,0
会员编号：,0
07312742189,0
会员余额支付：700,0
卡号：07312742189,0
余额：450,0
碎碎念：,0
结账单,0
阿琪老菜馆,1
桌号：,0
大厅-大厅8,0
人数：,0
类型：堂食,0
结账时间：2023-02-01 13：07：35,0
收银员：小琪菜馆,0
会员：,0
单号：44435782302010001,0
品项,0
数量,0
小计,0
优惠价,0
餐具,0
2份,0
2,0
2,0
拌苦菊,0
1份,0
24,0
24,0
小鸡蘑菇炖粉条,0
1份,0
32,0
32,0
（小份）,0
米饭,0
2碗,0
4,0
4,0
大窑橙子味儿,0
1份,0
8,0
8,0
香辣虾,0
1份,0
48,0
C{,0
菜品价格合计,0
118,0
订单金额,0
118,0
应付金额,0
118,0
自微信（自）,0
118,0
支付合计,0
118,0
菜品,0
双人,0
预结单,0
吴草鸡爪,0
桌号：,0
大厅-10,0
人数：2,0
类型：,0
堂食,0
单号：31454842301300058,0
数量,0
小计,0
优惠价,0
菜品,0
炸煎饺,0
1份,0
20,0
20,0
韩国拉面饼,0
1份,0
12,0
12,0
菜品价格合计,0
32,0
订单金额,0
32,0
注：其中不参与优惠的订单金额32元，参与优惠的订单,0
金额0元,0
应付金额,0
32,0
下单人：老板,0
下单时间：2023-01-30 19：36：22,0
打印人：老板,0
打印时间：2023-01-30 20：15：23,0
十一一衡,0
十,0
鸭绿江海鲜烧烤大排档（同泰街店）,1
桌号：,0
大厅-散台11,0
人数：,0
2,0
类型：堂食,0
小计,0
单号：41817792302010089,0
单价,0
菜品,0
数量,0
298,0
1,0
298,0
双入套餐,0
1份,0
-炼乳小馒头,0
1份,0
-冰冻草莓,0
1盘,0
-拌三丁,0
1斤,0
-锡纸黄蚬子,0
-辣炒钉螺,0
1份,0
-特色毛肚锅,0
1份,0
-牛肉大串,0
6串,0
-盐烤海虾,0
3只,0
-羊肉小串,0
1把,0
-膛筋,0
3串,0
乙,0
筷子,0
2双,0
1,0
听可乐,0
1听,0
5,0
5,0
听雪碧,0
1听,0
5,0
5,0
菜品价格合计,0
310,0
订单金额,0
310,0
应付金额,0
310,0
鸭绿江海鲜烧烤大排档2人餐（1,0
张）,0
298,0
支付合计,0
还差,0
298,0
12,0
下单人：管理员,0
下单时间：2023-02-01 21：51：39,0
打印人：翟雨萌,0
打印时间：2023-02-01 23：12：07,0
TEA,0
VID,0
沪上阿姨,1
AUNTEA JENNY,1
取餐号：161,0
邵阳金百汇店,0
结账单,0
-堂食-已结,0
品名,0
规格,0
数量,0
单价,0
杨枝甘露经典版,0
中杯,0
1,0
18,0
五分糖，温热；,0
消费合计：,0
18,0
应收：,0
18,0
微信支付：,0
18,0
打印时间：2023-02-14 14：38：43,0
加好友，领福利,0
如果您喝到口味异常的饮品，请立刻告诉,0
我们，我们将为您免费重新制作,0
请于3小时内饮用完毕，热饮小心烫口,0
加入我们，成为城市合伙人：400-086-0777,0
客服专线：400-018-9066,0
爱鲜果茶,0
D沪上阿姨,0